username,profilepic,followers,Link,caption,comments,likes,hashtag,date,profilePic,Engagement %,tier
scott.frenzel,https://scontent-sea1-1.cdninstagram.com/v/t51.2885-19/s150x150/222134492_953792062021251_2963535830561803565_n.jpg?_nc_ht=scontent-sea1-1.cdninstagram.com&_nc_cat=1&_nc_ohc=qCYcbYomU-MAX8dz9K4&edm=AP_V10EBAAAA&ccb=7-4&oh=00_AT-7r02qSjznuLiWmsrhBk3tWAxfb5XOdd-nZ_KB9_9-dg&oe=61D1870D&_nc_sid=4f375e,65006,https://www.instagram.com/p/B6d4gb_Dv0H/,"üéÑHomo for the Holidays! üéÑ
‚Ä¢
‚Ä¢
@filmakeher and I made a campy Christmas coming out video for @taimiapp this holiday season, enjoy! ‚Ä¢
‚Ä¢
‚Ä¢
#sponsored #comingout #comingoutstory #lgbt #lgbtqüåà #taimiapp #datingapp #homofortheholidays #gayholiday #gaychristmas #comingoutvideo #scruffyguy #gaysofinsta #gaysofig #gaydatingapp #beardedhomos",10,337,taimiapp,2019-12-24 12:29:16,https://scontent-sea1-1.cdninstagram.com/v/t51.2885-15/e35/80049770_471530696836124_7273468900132383960_n.jpg?_nc_ht=scontent-sea1-1.cdninstagram.com&_nc_cat=108&_nc_ohc=QlzWZGbgQFQAX9zO5nx&tn=lncItVkzZDClYqNN&edm=AP_V10EBAAAA&ccb=7-4&oh=00_AT8TEl3V9WeMG-MC2AYa9XOEY2qDuxDsXjFuSDl8nPc_2g&oe=61CC93BB&_nc_sid=4f375e,0.52,True
taimiapp,https://scontent-sjc3-1.cdninstagram.com/v/t51.2885-19/s150x150/124090584_1837755946383514_5356664074039637776_n.jpg?_nc_ht=scontent-sjc3-1.cdninstagram.com&_nc_cat=110&_nc_ohc=jqM0OQO4NYEAX8_ZLB3&edm=AP_V10EBAAAA&ccb=7-4&oh=00_AT9XcIrYLzfO9x8-5NCMeCztBB5gdrvVvDDKoi47k1ef7A&oe=61D1E074&_nc_sid=4f375e,67352,https://www.instagram.com/p/B76T3AbhFxO/,"ü§©We‚Äôre so proud to sponsor ELLA International Lesbianüë©‚Äç‚ù§Ô∏è‚Äçüíã‚Äçüë© Festival @ellamexico on March 12t-16 in Mexico.
‚†Ä
Taimi and @ellamexico believe all women deserve to feel free, respected and able to assert their identity without fear!üëêüèº
‚†Ä
_
‚†Ä
Nos enorgullece mucho patrocinar el ELLA International LesbianFestival @ellamexico, del 12 al 16 marzo en M√©xico.
¬°Taimi y @ellamexico creen que todas las mujeres merecen ser libres, respectadas y capaces de afirmar su identidad sin miedo!",5,172,taimiapp,2020-01-29 09:57:59,https://scontent-sjc3-1.cdninstagram.com/v/t51.2885-15/e35/80783839_191361488730572_8217487189533342300_n.jpg?_nc_ht=scontent-sjc3-1.cdninstagram.com&_nc_cat=108&_nc_ohc=trQEaDD3gUsAX8YPmF_&edm=AP_V10EBAAAA&ccb=7-4&oh=00_AT_GyQ4HgtgC1nmxE6vfgOMuIqSVknHDZZQ8UtG8SQ--9w&oe=61D04C6C&_nc_sid=4f375e,0.26,True
hersandhers_,https://scontent-sjc3-1.cdninstagram.com/v/t51.2885-19/s150x150/241542224_138221191843636_5134505119579624605_n.jpg?_nc_ht=scontent-sjc3-1.cdninstagram.com&_nc_cat=104&_nc_ohc=XbZJcZvZcnoAX-ghDEs&edm=AP_V10EBAAAA&ccb=7-4&oh=00_AT-iY39wNrrQqPrlpWkhmIB26n6pOAJfMBOMVCIk1MbQ7A&oe=61D0479C&_nc_sid=4f375e,89741,https://www.instagram.com/p/B7yySctBryA/,"There's a saying that ""you will only find love once you stop looking for it,‚Äù buuut we don't necessarily think that's true. .

#Ad Life gives us lots of opportunities to meet great people, and the universe can often send you signs that an opportunity is waiting for you! Take this as one. .

@taimiapp is the world's very first LGBTQI+ social network and dating app! üè≥Ô∏è‚Äçüåà .

Looking to meet like-minded queer people for romance, friendship or any type of connection? Well, the universe has delivered. ‚ú® Try @taimiapp now! .

#Taimi #TaimiApp #TaimiPride .
.
.
.
.
#hersandhers #lesbiancouple #lgbt #lgbtq #queer #lgbttravel #gayisokay #lesbiansofig #redhead #lesbiancouple #girlcouple #gaycouple #nycblogger #nyc #newyorkcity #lifestyleblogger #lgbtblogger #travelblogger #girlfriends #loveislove #lovewins #globalgaygirlgang #itgetsbetter",16,4510,taimiapp,2020-01-26 11:49:57,https://scontent-sjc3-1.cdninstagram.com/v/t51.2885-15/e35/s1080x1080/83907040_185626232634804_9017938753424852448_n.jpg?_nc_ht=scontent-sjc3-1.cdninstagram.com&_nc_cat=100&_nc_ohc=Rj5hKYlFnJwAX8SM4z7&edm=AP_V10EBAAAA&ccb=7-4&oh=00_AT8YVNQgx4Vuwpdm9SiIObjvS5MWJvXIAvOP5ymjQkALuw&oe=61D1A79B&_nc_sid=4f375e,5.029999999999999,True
bebezahara,https://scontent-lax3-2.cdninstagram.com/v/t51.2885-19/s150x150/264429175_1622452378103364_5183072835275842234_n.jpg?_nc_ht=scontent-lax3-2.cdninstagram.com&_nc_cat=100&_nc_ohc=88Qg9ROt-DwAX-PlIQV&tn=_oWG4tP6lbhyozHF&edm=AP_V10EBAAAA&ccb=7-4&oh=00_AT9WCKxPEeIFEKzfU_AhOVecsy8-33DbkYcYMoUWi_9qjg&oe=61D0D83D&_nc_sid=4f375e,535083,https://www.instagram.com/p/B7yi9aEp8qN/,"There are two things that truly matter to me in life: staying true to myself and having the right people around me. With @taimiapp, you don‚Äôt ever have to jeopardize who you are. And as far as the right people go? You can find them on @taimiapp. 
As the first LGBTQI+ dating and social network, #taimiapp prides itself on helping people find exactly what they‚Äôre looking for. Whether you are looking for a friend, a relationship or just a safe space to voice your thoughts - @taimiapp is the place for you!

Download Taimi app and expand your queer world! #taimi #taimiapp #taimipride üíú #ad 
Photo: @createdbyalvan 
Look: @trixiofthesea",9,3914,taimiapp,2020-01-26 09:36:00,https://scontent-lax3-2.cdninstagram.com/v/t51.2885-15/e35/81465525_178231179946021_5120299611264362761_n.jpg?_nc_ht=scontent-lax3-2.cdninstagram.com&_nc_cat=101&_nc_ohc=o7nFNCcRZjUAX8U3JOo&edm=AP_V10EBAAAA&ccb=7-4&oh=00_AT96HBX1r0-WXODfRp6VnZf0YR1DRyTazYDD8Cc-OA19hw&oe=61D092BF&_nc_sid=4f375e,0.73,True
taimiapp,https://scontent-lga3-2.cdninstagram.com/v/t51.2885-19/s150x150/124090584_1837755946383514_5356664074039637776_n.jpg?_nc_ht=scontent-lga3-2.cdninstagram.com&_nc_cat=110&_nc_ohc=jqM0OQO4NYEAX9tg0SS&edm=AP_V10EBAAAA&ccb=7-4&oh=00_AT_5elmuLUAkmz_BAMW3WTDawqjI9tpIXYrfawnV06_Ipg&oe=61D1E074&_nc_sid=4f375e,67352,https://www.instagram.com/p/B5Jdtp9haz-/,"What an incredible evening!@gaytimes Honours 500 üè≥Ô∏è‚Äçüåà @taimiapp is so grateful to have been a part of this amazing event üíï with our wonderful and special guests @bonnieannclyde_ @siscogomez 
We are also proud to have sponsored an award for British Community Trailblazer that went to Anick Soni ‚ù§Ô∏è #taimi #taimiapp #gaytimes #gaytimeshonours #lgbtqia",3,193,taimiapp,2019-11-21 17:38:31,https://scontent-lga3-2.cdninstagram.com/v/t51.2885-15/e35/s1080x1080/73512742_708207362920581_5474769546362369976_n.jpg?_nc_ht=scontent-lga3-2.cdninstagram.com&_nc_cat=109&_nc_ohc=cUn1roYbbUkAX_wwdiR&edm=AP_V10EBAAAA&ccb=7-4&oh=00_AT9Y36h0UZYGPXu6yHlQk5ClfmKJRLi5vpG88Hnj8t-EEA&oe=61D19CD0&_nc_sid=4f375e,0.29,True
alionsfear,https://scontent-sjc3-1.cdninstagram.com/v/t51.2885-19/s150x150/245200298_668864067412430_869086988771687611_n.jpg?_nc_ht=scontent-sjc3-1.cdninstagram.com&_nc_cat=102&_nc_ohc=sSilQKanJsQAX_vy1lR&edm=AP_V10EBAAAA&ccb=7-4&oh=00_AT8stvczzL03Ownroz_aOmw6kn5pXZmqjWM_2LVB5HIMsg&oe=61D0C1E9&_nc_sid=4f375e,195838,https://www.instagram.com/p/B7yx_HkJ-gw/,"If you didn't know I met my Wife, Jenilee, online 10 years ago! Way before dating apps! I talk to so many Trans people about how hard it is to date today. It reminds me, I'm so lucky to have a person who accepts me for who I truly am! 
I really want every one of you to feel the same as we do!
I've partnered up with @taimiapp - an LGBTQI+ dating and social network- to share with you because after chatting with the creators of @taimiapp this app wasn't just made for LGB- with the T being an after thought.

Taimi is here to make meaningful relationships where people are free, open-minded, and nonjudgmental no matter where you land within the Queer community. 
If you are looking for a safe place to share your thoughts, you should definitely give Taimi app a try!

Leave a üì± if you've used online dating before!

#taimi #taimiapp #taimipride #sponsored #lgbtdating #relationships #pride #lgbtqai #queer #transgender #aydiandowling #foreverlove #fallinlove #hopelessromantic #ourfamily #queerfamily #findyours",68,3847,taimiapp,2020-01-26 11:47:19,https://scontent-sjc3-1.cdninstagram.com/v/t51.2885-15/e35/s1080x1080/81537674_735398910318951_4843405198276414747_n.jpg?_nc_ht=scontent-sjc3-1.cdninstagram.com&_nc_cat=103&_nc_ohc=qNYvz_pMy24AX-_FzKV&edm=AP_V10EBAAAA&ccb=7-4&oh=00_AT_J9-DhJ11w94RchRtzRUUt2WDcvinrMJLj5Y5Py4vUYg&oe=61D12C62&_nc_sid=4f375e,1.96,True
taimiapp,https://scontent-ort2-2.cdninstagram.com/v/t51.2885-19/s150x150/124090584_1837755946383514_5356664074039637776_n.jpg?_nc_ht=scontent-ort2-2.cdninstagram.com&_nc_cat=110&_nc_ohc=jqM0OQO4NYEAX-EAf6z&edm=AP_V10EBAAAA&ccb=7-4&oh=00_AT-RcAgOn_izbTEu6Xb8AL39V3YlpMvmvEAkrGKylVge7A&oe=61D1E074&_nc_sid=4f375e,67352,https://www.instagram.com/p/B5IbWRrBUn0/,"We have exciting news to share üéâTAIMI just partnered up with GAY TIMES!
Oh, and we will be at GAY TIMES HONOURS 2019 with the incredible @bonnieannclyde_ and the amazingly talented @siscogomez ‚†Ä
üíúWe cannot wait to see you there!",17,163,taimiapp,2019-11-21 07:58:36,https://scontent-ort2-2.cdninstagram.com/v/t51.2885-15/e35/71826152_517858735726575_2929546025901798702_n.jpg?_nc_ht=scontent-ort2-2.cdninstagram.com&_nc_cat=103&_nc_ohc=roVQzBWIKG4AX8if7hv&edm=AP_V10EBAAAA&ccb=7-4&oh=00_AT8jbNuRzzEMmaPOvWFM6ntWbqqyWN4aq9BbMLPXSIALOA&oe=61D140F3&_nc_sid=4f375e,0.24,True
ukblackpride,https://scontent-dfw5-2.cdninstagram.com/v/t51.2885-19/s150x150/114150268_280236373279268_3942772018660212962_n.jpg?_nc_ht=scontent-dfw5-2.cdninstagram.com&_nc_cat=108&_nc_ohc=lMm26eWNgyEAX_KN7dM&edm=AP_V10EBAAAA&ccb=7-4&oh=00_AT9mjRZR0FgoFAm_v6vR3DJQ-LPDgBfgqTFPT1Rnr59YCA&oe=61D0E162&_nc_sid=4f375e,53669,https://www.instagram.com/p/B57dA6qAcoZ/,"'For me, it's become more and more important to express myself because I feel like I've spent so much time trying not to express myself' - @rhammified.

This beautifully shot & edited video project is the first collaboration between @azmaguk and @taimiapp.

Head over to AZ Mag UK's YouTube channel for the full length episode 1 titled: Masc Mxn | I AM HERE. 
The series will aim to challenge entrenched perceptions & stigma of LGBT+ BAME people living in 21st century Britain.

#ukblackpride #azmag #taimiapp #bame #queer #qpoc #film #testimonial #equality #masc #femme #loveislove #beyourself #beyou",6,128,taimiapp,2019-12-11 04:00:21,https://scontent-dfw5-1.cdninstagram.com/v/t51.2885-15/e35/74676909_2476880212633031_1169189652014973387_n.jpg?_nc_ht=scontent-dfw5-1.cdninstagram.com&_nc_cat=111&_nc_ohc=9oN5xTaG8awAX_haaTs&tn=Pc_7hq2se4SK6vxv&edm=AP_V10EBAAAA&ccb=7-4&oh=00_AT8DS3wTeIIlxQOcZ-ptx5gK1mvvnTcjgSEwOx5cE1b2hA&oe=61CC9310&_nc_sid=4f375e,0.24,True
taimiapp,https://scontent-sea1-1.cdninstagram.com/v/t51.2885-19/s150x150/124090584_1837755946383514_5356664074039637776_n.jpg?_nc_ht=scontent-sea1-1.cdninstagram.com&_nc_cat=110&_nc_ohc=jqM0OQO4NYEAX-q0Ln8&edm=AP_V10EBAAAA&ccb=7-4&oh=00_AT9h2Lf63qatIVHeiDrx6QH8V7Bq2UeVOF-Kn4dovMNyAA&oe=61D1E074&_nc_sid=4f375e,67352,https://www.instagram.com/p/B5S-cD1hEkt/,"@Taimiapp is open to partnershipsüåàüåé If you/your company share our views, ready to raise awareness and promote the message of love and equality ‚Äì email us!
‚†Ä
üëâüèªTo find out more about a partnering up with @TaimiApp please email partnerships@taimi.com",8,95,taimiapp,2019-11-25 10:17:38,https://scontent-sea1-1.cdninstagram.com/v/t51.2885-15/e35/72771106_840439076389542_5217274997827601803_n.jpg?_nc_ht=scontent-sea1-1.cdninstagram.com&_nc_cat=106&_nc_ohc=vYnUIwndiU8AX-9o54D&edm=AP_V10EBAAAA&ccb=7-4&oh=00_AT_aZ_7slerAKrNEhicKwwAloB5qZH___YaW-M2rR6Q1hw&oe=61D16C9F&_nc_sid=4f375e,0.13999999999999999,True
daisynatalioficial,https://scontent-sea1-1.cdninstagram.com/v/t51.2885-19/s150x150/241730157_221831170005449_2824619737464997351_n.jpg?_nc_ht=scontent-sea1-1.cdninstagram.com&_nc_cat=105&_nc_ohc=kfqWkBkWmugAX_dV0fS&edm=AP_V10EBAAAA&ccb=7-4&oh=00_AT8g5Ik5TCAziOm2DKRxxuiRu4-zCc30aPDlQ8SaeMLtPw&oe=61D02B64&_nc_sid=4f375e,109365,https://www.instagram.com/p/B7wqJ5VHQQM/,"Existen dos cosas que son s√∫per importantes para mi: ser siempre sincera conmigo misma y rodearme de las personas indicadas. Es una suerte que siempre se puede ser uno mismo en @taimiapp .

Siendo la primera app de citas y red social dedicada a la comunidad LGBTQI+ #taimiapp se enorgullece de ayudar a las personas a encontrar justamente aquello que buscan. No importa si est√°s buscando una amistad, una relaci√≥n o simplemente un lugar donde puedas ser t√∫ y decir lo que piensas, @taimiapp es el lugar para ti! ¬°Descarga Taimi y conoce a m√°s personas de la comunidad! üåà",108,9389,taimiapp,2020-01-25 16:00:24,https://scontent-sea1-1.cdninstagram.com/v/t51.2885-15/e35/p1080x1080/82620199_756025434805919_177506298034588201_n.jpg?_nc_ht=scontent-sea1-1.cdninstagram.com&_nc_cat=111&_nc_ohc=4Gqr4esayAYAX8qoqlZ&edm=AP_V10EBAAAA&ccb=7-4&oh=00_AT9a0Cyre0uDC8AHwrjwkBCB3MvERVgUK0G9yj3i9AgYHQ&oe=61D19978&_nc_sid=4f375e,8.59,True
aquamarinofficial,https://scontent-lga3-1.cdninstagram.com/v/t51.2885-19/s150x150/147104564_908281919942863_7902372025585327728_n.jpg?_nc_ht=scontent-lga3-1.cdninstagram.com&_nc_cat=107&_nc_ohc=TYpo1c9PiYYAX972w_T&edm=AP_V10EBAAAA&ccb=7-4&oh=00_AT-YOBkSJCbdIIPnZ7Mk7fbe5UHl-YP9bd-NdDxwxUp64g&oe=61D1D7F7&_nc_sid=4f375e,29354,https://www.instagram.com/p/B6DiJxaHaAd/,"Wusstest Ihr, dass @taimiapp das weltweit erste und einzige LGBTQI+ -Dating und soziale Netzwerk ist? üè≥Ô∏è‚Äçüåà Also nicht nur eine Dating-App, sondern ein ganzes Netzwerk, um Freunde oder einen Partner zu finden. Man kann Stories posten, Video anrufen oder auch Gruppenchats mit Inhalten aus der ganzen Welt beitreten. Schaut gerne mal rein! Und vielleicht findet ihr mich auch dort. ü§´üßúüèª‚Äç‚ôÇÔ∏è
#taimi #taimiapp #taimipride #lgbt #Aquamarin #gay #dating #menhairstyle *Anzeige",18,1306,taimiapp,2019-12-14 06:53:15,https://scontent-lga3-1.cdninstagram.com/v/t51.2885-15/e35/s1080x1080/75419814_158134432086044_1176868763617470420_n.jpg?_nc_ht=scontent-lga3-1.cdninstagram.com&_nc_cat=108&_nc_ohc=15g45sGZnL0AX_a0MYm&tn=KB-vzjcNQ9OKdsdk&edm=AP_V10EBAAAA&ccb=7-4&oh=00_AT-qPyoA3NiYCpTTE-j0o2YYuOFIfCXDBAwEehWM3oyLZw&oe=61D0B930&_nc_sid=4f375e,4.45,True
drea.ronnie,https://scontent-sea1-1.cdninstagram.com/v/t51.2885-19/s150x150/125240768_162958731993260_2524453860565144945_n.jpg?_nc_ht=scontent-sea1-1.cdninstagram.com&_nc_cat=108&_nc_ohc=9TfM1Zcb_-IAX-i7OOk&edm=AP_V10EBAAAA&ccb=7-4&oh=00_AT_iIQyio8950Xh9VyeUdnbXuVNIvKGTMl5pXXg3uEmTyA&oe=61D207E7&_nc_sid=4f375e,38302,https://www.instagram.com/p/B7yVD0whKr1/,"You guys ever wish there was a place on the internet - like a social app - that was basically JUST for the rainbow community??‚Å£
‚Å£
Us too. Guess what? It EXISTS! ‚Å£
‚Å£
It‚Äôs the @taimiapp Which is a social/dating app and it‚Äôs got  a whole community of more than 3 million lesbian, gay, bisexual, trans, queer and intersex users who connect and share their views and opinions daily! ‚Å£
‚Å£
Y‚Äôall should totally join us on there!‚Å£
‚Å£
#taimipartner #taimi #taimiapp #taimipride",79,10141,taimiapp,2020-01-26 07:34:33,https://scontent-sea1-1.cdninstagram.com/v/t51.2885-15/e35/p1080x1080/81539944_2800873996617818_8280815955272499251_n.jpg?_nc_ht=scontent-sea1-1.cdninstagram.com&_nc_cat=102&_nc_ohc=w9hhjIkZ3fwAX-qGo9t&edm=AP_V10EBAAAA&ccb=7-4&oh=00_AT-qLspG7LT-yrSWf1iPFJfR3ADhYp3rEj13LVqOjsNdCg&oe=61D0C571&_nc_sid=4f375e,26.479999999999997,True
taimiapp,https://scontent-sjc3-1.cdninstagram.com/v/t51.2885-19/s150x150/124090584_1837755946383514_5356664074039637776_n.jpg?_nc_ht=scontent-sjc3-1.cdninstagram.com&_nc_cat=110&_nc_ohc=jqM0OQO4NYEAX-nGoW9&edm=AP_V10EBAAAA&ccb=7-4&oh=00_AT_R7g5bs7rcnFmZybdZifOO10Bu6AzwJmfearlpF433Ag&oe=61D1E074&_nc_sid=4f375e,67352,https://www.instagram.com/p/B4cuOzlBu25/,"Taimi‚Äôs Head of Business Development met with amazing people and companies in the UK üá¨üáß üôåüèª@pridemediacentre @azmag @harnaamkaur @pinknews @gaytimes
‚†Ä
üëâüèªStay tuned for great news by following @taimiapp on social media!
‚†Ä
#taimi #taimiapp #lgbt #lgbtqi #parnership",7,213,taimiapp,2019-11-04 08:37:02,https://scontent-sjc3-1.cdninstagram.com/v/t51.2885-15/e35/s1080x1080/72392019_3064681353548066_7424836581106366020_n.jpg?_nc_ht=scontent-sjc3-1.cdninstagram.com&_nc_cat=102&_nc_ohc=RShrhZ1NbOoAX_xH5WT&edm=AP_V10EBAAAA&ccb=7-4&oh=00_AT-6HgF9yFewQTd2lINGRxCZaLiTG8v5ZI88vlPnaBsaZQ&oe=61D1B280&_nc_sid=4f375e,0.32,True
jessicatayvlogs,https://scontent-sjc3-1.cdninstagram.com/v/t51.2885-19/s150x150/162545713_1357193651329895_8619118670008421793_n.jpg?_nc_ht=scontent-sjc3-1.cdninstagram.com&_nc_cat=111&_nc_ohc=l_rY2QTTcM4AX-AxZq0&edm=AP_V10EBAAAA&ccb=7-4&oh=00_AT8U49-JI_fxDhIs4BTlvDF1ea35hqDd82-l3NrTO5HHnA&oe=61D15417&_nc_sid=4f375e,11559,https://www.instagram.com/p/B7y0NxOB6bB/,"When you make a meaningful connection, you feel a sense of warmth even in the coldest of temperatures! 
#ad Looking for romance or an LGBTQ+ connection? Download @Taimiapp and start chatting today! 
No matter your sexuality or gender identity. Everyone is welcome on Taimi!

#taimiapp #taimipride #taimi",24,1778,taimiapp,2020-01-26 12:06:47,https://scontent-sjc3-1.cdninstagram.com/v/t51.2885-15/e35/p1080x1080/82880760_746158152539383_7912796541879166064_n.jpg?_nc_ht=scontent-sjc3-1.cdninstagram.com&_nc_cat=107&_nc_ohc=m-dE8EOjrlcAX-rQaIn&edm=AP_V10EBAAAA&ccb=7-4&oh=00_AT_b8sG7eRLWi-XUyJWcLCE4Ku94sytfMraBzniMAvFsuw&oe=61D10AEC&_nc_sid=4f375e,15.379999999999999,True
taimiapp,https://scontent-iad3-2.cdninstagram.com/v/t51.2885-19/s150x150/124090584_1837755946383514_5356664074039637776_n.jpg?_nc_ht=scontent-iad3-2.cdninstagram.com&_nc_cat=110&_nc_ohc=jqM0OQO4NYEAX9szSn8&edm=AP_V10EBAAAA&ccb=7-4&oh=00_AT-gFtShE2F43g7XXaq6IxaLyHOeZy62TD1c1BMrziTAkA&oe=61D1E074&_nc_sid=4f375e,67352,https://www.instagram.com/p/B6JhUkGBDn4/,"‚òÉÔ∏èüéÑHolidays are meant to be merry. The more - the merrier! Even parents want you to have fun!üòâ
‚†Ä
üéÖüèºDownload Taimi
‚†Ä
üëáüèªüëáüèªüëáüèª
Taimi app ‚Äî the world‚Äôs first LGBTQI+ social network and dating app. ‚ù§Ô∏è@scott.frenzel",14,168,taimiapp,2019-12-16 14:47:03,https://scontent-iad3-2.cdninstagram.com/v/t51.2885-15/e35/78715280_855354048257172_4803272833145948704_n.jpg?_nc_ht=scontent-iad3-2.cdninstagram.com&_nc_cat=100&_nc_ohc=A20VuO00sjAAX-QLr5w&edm=AP_V10EBAAAA&ccb=7-4&oh=00_AT9LLcL5VukNMc-IJV6jYr48b7yqNOo2Mofq0puBiJeHQw&oe=61CC558C&_nc_sid=4f375e,0.25,True
enbyjordan,https://scontent-sea1-1.cdninstagram.com/v/t51.2885-19/s150x150/257258130_307303084550299_6762515439569086519_n.jpg?_nc_ht=scontent-sea1-1.cdninstagram.com&_nc_cat=1&_nc_ohc=udAUFSFGV78AX8pnPP3&edm=AP_V10EBAAAA&ccb=7-4&oh=00_AT87QGGVVqJvW_73oQfLMw0GZSS1EkxL14llAeBCP1mgRw&oe=61D1560D&_nc_sid=4f375e,14161,https://www.instagram.com/p/B7jS3yFlr9I/,"had such a great time yesterday at @rupaulsdragcon üéâ thank you so much @taimiapp for such a wonderful experience üè≥Ô∏è‚Äçüåà
.
it was incredible seeing some of my fav queens @rupaulofficial, @thebiancadelrio, @ongina, @bagachipz, @bluhydrangea_, @charliehidestv, @indiaferrah, @bobthedragqueen, @virgin_x, @scaredykatofficial & @gothykendoll to name a few üíñ",8,132,taimiapp,2020-01-20 11:26:49,https://scontent-sea1-1.cdninstagram.com/v/t51.2885-15/e35/p1080x1080/81796744_1363306850522066_5090802760687854501_n.jpg?_nc_ht=scontent-sea1-1.cdninstagram.com&_nc_cat=102&_nc_ohc=Sg7AmrpiDQEAX-e5ayH&edm=AP_V10EBAAAA&ccb=7-4&oh=00_AT_VHXCZlbYFLhI8nXquhLVxUXpXZvZra_P6DIPn3ZsEhQ&oe=61D07475&_nc_sid=4f375e,0.9299999999999999,True
euosol,https://scontent-iad3-2.cdninstagram.com/v/t51.2885-19/s150x150/251879553_112193851137017_326154703929575108_n.jpg?_nc_ht=scontent-iad3-2.cdninstagram.com&_nc_cat=105&_nc_ohc=P8u_-42-HNkAX-c0Iy5&tn=p2H-MI6SWNd_W-ck&edm=AP_V10EBAAAA&ccb=7-4&oh=00_AT8QvMfKZrI6zSi6QWLNn_Bx-SiFtd3VpRJWL9sR6R9q1g&oe=61D0F1D0&_nc_sid=4f375e,21418,https://www.instagram.com/p/B2fb25wHi0X/,"Algu√©m Solteiro a√≠ ?! T√° dif√≠cil de encontrar algu√©m pra namorar? ou at√© mesmo encontrar homens na sua regi√£o para se conectar. Baixe o app @taimiapp, um app #gay total diferente de outros aplicativos de namoro que ja experimentei! Fa√ßa o download do #Taimi e encontre o grande amor de sua vida!!!
Com o #Taimiapp voc√™ tem toda seguran√ßa que precisa, apenas conta verificada, chat, video chamada.¬† E ainda tem a fun√ß√£o de bloqueio do aplicativo com sua impress√£o digital, permite criar um feed interativo, compartilhar hist√≥rias do Instagram, participar de grupos tem√°ticos. T√° ruim? Corre! üíô 
#ad #publi #Taimi",51,287,taimiapp,2019-09-16 17:51:25,https://scontent-iad3-2.cdninstagram.com/v/t51.2885-15/e35/69035988_481085019408169_6551894365486569161_n.jpg?_nc_ht=scontent-iad3-2.cdninstagram.com&_nc_cat=101&_nc_ohc=9l0R4oQCLwQAX8DPzcO&edm=AP_V10EBAAAA&ccb=7-4&oh=00_AT8BMLNTpdfzQzQFi_Eo_gEDuHirSSlKpkyzo8FiFur_2w&oe=61D11C3A&_nc_sid=4f375e,1.34,True
michaeljosephmassetti,https://scontent-lga3-2.cdninstagram.com/v/t51.2885-19/s150x150/93575131_524840835089279_8193580797878337536_n.jpg?_nc_ht=scontent-lga3-2.cdninstagram.com&_nc_cat=111&_nc_ohc=0ipTKpDGhQoAX_vC4gS&edm=AP_V10EBAAAA&ccb=7-4&oh=00_AT8qesDRo4rRIn3k3sL_m9Ill10jYGeMDhyU6YAi3odpNQ&oe=61D1174D&_nc_sid=4f375e,114761,https://www.instagram.com/p/B3xkBKyhnLb/,"Taimi is for people looking to find more than just a hookup - granted if both of you are looking for that all the power to you, but TAIMI offers more.  It offers connections, ranging from acquaintance to love, connections that build upon discussions, expressions, groups, stories, ultimately socializing and networking.  TAIMI is where you can be yourself, speak out, raise awareness, even contribute to the platform itself by offering tips on how to improve it.  TAIMI listens.  Users can also catch up on the latest LGBTQI+ news as well as learn more about our history.  TAIMI is where you will get it all.  #taimiapp #taimi #taimipride",29,12437,taimiapp,2019-10-18 15:20:26,https://scontent-lga3-2.cdninstagram.com/v/t51.2885-15/e35/s1080x1080/73446494_1335389740002018_8790195918834179606_n.jpg?_nc_ht=scontent-lga3-2.cdninstagram.com&_nc_cat=106&_nc_ohc=puOPOPrt4XsAX8HAy2Q&tn=LsK3b6REGhKwWOJ0&edm=AP_V10EBAAAA&ccb=7-4&oh=00_AT9y6la7BJ1xM-86plmIza_0x7O2YpW5hJhQ3RZc0FB18w&oe=61D18086&_nc_sid=4f375e,10.84,True
daisynatalioficial,https://scontent-lga3-2.cdninstagram.com/v/t51.2885-19/s150x150/241730157_221831170005449_2824619737464997351_n.jpg?_nc_ht=scontent-lga3-2.cdninstagram.com&_nc_cat=105&_nc_ohc=kfqWkBkWmugAX9uGz7w&edm=AP_V10EBAAAA&ccb=7-4&oh=00_AT_HZInqmkoLTSyrhMnKSr_dwOBQnqhUk32fNPT1Pu8_uQ&oe=61D02B64&_nc_sid=4f375e,109365,https://www.instagram.com/p/B241BQWHtmn/,"Personitas estoy s√∫per emocionada por contarles sobre la aplicaci√≥n de citas Taimi.
@taimiapp es la √∫nica app de citas y redes sociales para toda la comunidad LGBTQI+. Si est√°s buscando encontrar a tu persona ideal simplemente tienes que registrarte. Esta relaci√≥n no tiene que ser precisamente amorosa, tambi√©n puede ser de amistad. De hecho, Taimi promueve que las personas que se encuentren buscando amigos o que simplemente quieran ampliar su red de conocidos se registren en Taimi ya que esta tambi√©n ofrece una parte dedicada solo a redes sociales. Estoy s√∫per feliz de que Taimi ya se encuentre disponible en Latinoam√©rica, ¬°no puedo esperar a encontrarlos ah√≠ personitas!
.
.
.
.

#taimi #taimiapp #ad #taimipride
#lgbtqia #",77,7803,taimiapp,2019-09-26 14:32:17,https://scontent-lga3-2.cdninstagram.com/v/t51.2885-15/e35/s1080x1080/69327757_366196694330653_2833259781381197657_n.jpg?_nc_ht=scontent-lga3-2.cdninstagram.com&_nc_cat=101&_nc_ohc=vIQfpJRpMF4AX91-LNH&edm=AP_V10EBAAAA&ccb=7-4&oh=00_AT9gZdnEdtDfg1MrfdAiGrTYky0o4HK041DnHDq4tQrSlw&oe=61D0CBD2&_nc_sid=4f375e,7.13,True
nickandgrant,https://scontent-iad3-2.cdninstagram.com/v/t51.2885-19/s150x150/171176072_445949060034419_1246733309626645662_n.jpg?_nc_ht=scontent-iad3-2.cdninstagram.com&_nc_cat=111&_nc_ohc=LcuCzSaTBtQAX-uLXUU&edm=AP_V10EBAAAA&ccb=7-4&oh=00_AT8u4OdeSuko2OKGkq_QtcWJfOQTQ8ICgfAdX5qZfq3vrQ&oe=61D0754F&_nc_sid=4f375e,112521,https://www.instagram.com/p/B3xLn43nsTU/,"Time to fallüçÇ in love with @taimiapp this season! #taimi is more than just a dating app to us. It‚Äôs all about networking!  An app that started out as a dating service for gay men quickly grew to be the go-to LGBTQI+ social network!üôåüèª
.
@taimiapp offers so much including videocalls, stories, digest of top news and groups that are confidential and most-importantly judgement-free!  TAIMI is young, fresh and exciting. It‚Äôs the place to find and share ideas, travel tips and enter fun contests. They also are big into raising awareness about social issues!
.
So what are you waiting for!? Give @taimiapp a try and download it today! You can find the link in our bioü§ó
.
.
.
üì∏ @madisunpaigephotography .
.
#taimi #taimiapp #taimipride #connections #relationships #love #ad",202,11046,taimiapp,2019-10-18 11:47:16,https://scontent-iad3-2.cdninstagram.com/v/t51.2885-15/e35/p1080x1080/73266132_548680899306196_950466209636563225_n.jpg?_nc_ht=scontent-iad3-2.cdninstagram.com&_nc_cat=104&_nc_ohc=bkGS7g55Qu4AX9qfVxr&edm=AP_V10EBAAAA&ccb=7-4&oh=00_AT-6O9zny0EXpVxfdIrkhpi4Y16zUSutoFUnkvOk643BWQ&oe=61D191E0&_nc_sid=4f375e,9.82,True
kscreven,https://scontent-ort2-2.cdninstagram.com/v/t51.2885-19/s150x150/264242084_325680252720357_6888989936799725083_n.jpg?_nc_ht=scontent-ort2-2.cdninstagram.com&_nc_cat=109&_nc_ohc=RFg9qAxQSdEAX9ky6X8&edm=AP_V10EBAAAA&ccb=7-4&oh=00_AT88XI4O5E306z4ODkhbs9XbLZrGENiz0oE2qK-cXoxBfQ&oe=61D091FE&_nc_sid=4f375e,141263,https://www.instagram.com/p/B30YOT6pxfz/,"Makeup details üíÑ
Foundation: @givenchybeauty ‚ÄúTeint Couture‚Äù
Primer: @freshbeauty ‚ÄúVitamin Nectar‚Äù
Concealer: @yslbeauty ‚ÄúTouch√© Eclat‚Äù
Eyeshadow: @pixibeauty ‚ÄúHeart Defensor‚Äù
Eyelashes: @beskintifulmakeupfacialbar 
Lipstick: @smashboxcosmetics 
Highlighter: @pixibeauty ‚ÄúRach loves layers‚Äù
Setting powder: @lauramercier 
Contour: @lancomeofficial 
Perfume: @givenchy ‚ÄúRose irresistible‚Äù ü§≥üèæDownload the @taimiapp to find your perfect Halloween date üíñ 
#taimiapp #makeuptutorial #pixibeauty #halloween #boysinmakeup #givenchybeauty",93,1239,taimiapp,2019-10-19 17:42:56,https://scontent-ort2-2.cdninstagram.com/v/t51.2885-15/e35/75551332_446462116228497_3872942427415593280_n.jpg?_nc_ht=scontent-ort2-2.cdninstagram.com&_nc_cat=109&_nc_ohc=wT_mJXqIWrQAX9QzlRm&edm=AP_V10EBAAAA&ccb=7-4&oh=00_AT_-wspumFP0umHInlPnyO4-w2riM6mOjd-xHIcNK9zU3w&oe=61CC2AC8&_nc_sid=4f375e,0.88,True
taimiapp,https://scontent-yyz1-1.cdninstagram.com/v/t51.2885-19/s150x150/124090584_1837755946383514_5356664074039637776_n.jpg?_nc_ht=scontent-yyz1-1.cdninstagram.com&_nc_cat=110&_nc_ohc=jqM0OQO4NYEAX9tDeoj&edm=AP_V10EBAAAA&ccb=7-4&oh=00_AT9JJbFW02G4U0gqjcKXO1KlTxg7aSKBP03ZXTgoliNOrg&oe=61D1E074&_nc_sid=4f375e,67352,https://www.instagram.com/p/B4XXSepBEos/,"Day of the dead is today!üíÄüíÄüíÄ Show off your best sugar skull makeup and adorn your flashiest outfits in strings of orange marigolds!
‚†Ä
üòåüíÉIt's the time for self-expression, creativity and awesome costume parties!
‚†Ä
#taimi #taimiapp #dayofthedead #spookymakeup #dayofthedeadmakeup #lgbt #lgbtqi",4,275,taimiapp,2019-11-02 07:40:21,https://scontent-yyz1-1.cdninstagram.com/v/t51.2885-15/e35/72630263_142453487095174_5323963828289935146_n.jpg?_nc_ht=scontent-yyz1-1.cdninstagram.com&_nc_cat=110&_nc_ohc=91psEuC_L8MAX9OkI2Q&edm=AP_V10EBAAAA&ccb=7-4&oh=00_AT-jZmAFFGI-M6H3-_Y0dwUqJbtByWwO7rivBLiHMlWm_A&oe=61D03660&_nc_sid=4f375e,0.41000000000000003,True
jaycolindres,https://scontent-bos3-1.cdninstagram.com/v/t51.2885-19/s150x150/253164737_661319064849483_4747447127668766535_n.jpg?_nc_ht=scontent-bos3-1.cdninstagram.com&_nc_cat=103&_nc_ohc=BRMBSySTJ_AAX-Qc_BI&edm=AP_V10EBAAAA&ccb=7-4&oh=00_AT94mWNP6kg16wFB1-g3sBZ7f-iLgvhS3wpCcA8aOD_YIg&oe=61D0E4FE&_nc_sid=4f375e,241706,https://www.instagram.com/p/B30UnXUll2y/,"Looking for real love? Taimi Is the way to go! üíï / buscando un amor real? Taimi es la soluci√≥n! üíï @taimiapp 
#ad #taimiapp #taimi #taimipride #lgbtdating #lgbtsocialnetwork",62,2831,taimiapp,2019-10-19 17:07:03,https://scontent-bos3-1.cdninstagram.com/v/t51.2885-15/e35/71119046_448545275801460_6342611761285699224_n.jpg?_nc_ht=scontent-bos3-1.cdninstagram.com&_nc_cat=100&_nc_ohc=CXJ0EKZaBHQAX-mzImZ&edm=AP_V10EBAAAA&ccb=7-4&oh=00_AT-JTXBcBU1FW_F1nfo9IfgZRMnMBWxFjoARX7aoBUOMwQ&oe=61CC949A&_nc_sid=4f375e,1.17,True
nikobaes,https://scontent-yyz1-1.cdninstagram.com/v/t51.2885-19/s150x150/269592563_2084690311689649_5481395743965536355_n.jpg?_nc_ht=scontent-yyz1-1.cdninstagram.com&_nc_cat=101&_nc_ohc=hLXLHExapn0AX-12_LK&tn=s4spmB5Asj-gsjow&edm=AP_V10EBAAAA&ccb=7-4&oh=00_AT8VMHxKKSGwt1VlbIpepNfk27UAjx0xaRyttoKzKIqlpA&oe=61D072C9&_nc_sid=4f375e,12191,https://www.instagram.com/p/B3aJ8eJoHJg/,"Gym done üí™
#synergymmijascosta #fitnessmotivation #gym #fitboy #taimiapp #october #torremolinos #mijas #malaga #adidas #bershkamen",9,773,taimiapp,2019-10-09 13:10:05,https://scontent-yyz1-1.cdninstagram.com/v/t51.2885-15/e35/p1080x1080/72079809_184004272636797_6316313612253353793_n.jpg?_nc_ht=scontent-yyz1-1.cdninstagram.com&_nc_cat=109&_nc_ohc=u_Wd5NyU3IgAX8lvIi0&edm=AP_V10EBAAAA&ccb=7-4&oh=00_AT9DqZ9H0fEJPT8oslzeDOkVlLDgdekrOSkZjR4OGDvraQ&oe=61D16D30&_nc_sid=4f375e,6.34,True
taimiapp,https://scontent-msp1-1.cdninstagram.com/v/t51.2885-19/s150x150/124090584_1837755946383514_5356664074039637776_n.jpg?_nc_ht=scontent-msp1-1.cdninstagram.com&_nc_cat=110&_nc_ohc=jqM0OQO4NYEAX8m9I4i&edm=AP_V10EBAAAA&ccb=7-4&oh=00_AT9UixBF1ir6_bXfUxCrwWsU2jjxMvO1asuKj19SE3bYFg&oe=61D1E074&_nc_sid=4f375e,67352,https://www.instagram.com/p/B3mYDJ0h08_/,"Happy Thanksgiving Canada! üá®üá¶ Thanks to everyone who supports us and continues to spread love ‚ù§Ô∏è around the world! 
Taimi also wants to remind everyone to learn more about #LGBThistory during this month. #taimi #taimiapp #thanksgiving #canada #lgbtqi #lgbthistory #lgbtqüåà",0,164,taimiapp,2019-10-14 07:04:12,https://scontent-msp1-1.cdninstagram.com/v/t51.2885-15/e35/71522407_2634619753260922_806609914669996944_n.jpg?_nc_ht=scontent-msp1-1.cdninstagram.com&_nc_cat=110&_nc_ohc=4QhmhCdyWxMAX_6ILPi&edm=AP_V10EBAAAA&ccb=7-4&oh=00_AT_dxQbUBVFoUkjOrriyFOqEtHHkvMXnTfwA5N748XedqQ&oe=61D0DB4C&_nc_sid=4f375e,0.24,True
theglobetrotterguys,https://scontent-sea1-1.cdninstagram.com/v/t51.2885-19/s150x150/179333475_153251480134699_6076117505993114751_n.jpg?_nc_ht=scontent-sea1-1.cdninstagram.com&_nc_cat=107&_nc_ohc=Ums1Yd8V8CUAX995AFF&edm=AP_V10EBAAAA&ccb=7-4&oh=00_AT96rsX1NStjX6QZ6ue1RtyE1qYaSymPco-Pygc1S0IdQA&oe=61D03819&_nc_sid=4f375e,40850,https://www.instagram.com/p/B3UuaKlF-Nl/,"Nowadays there is an app for everything. And there seems to be a new dating app released every week. But when it comes to gay dating apps, they quite often 'pigeon-hole' us, with a specific app for a specific identity. TAIMI is a new app that is inclusive and available to everybody regardless of how you identify on the LGBTQI+ rainbow!
-
And Taimi isn‚Äôt just a dating app ‚Äì it‚Äôs also a social network. This means that whatever type of relationship you are looking for, all you need to do is sign up! Romantic, friendship, networking ‚Äì you can do it all in one place.
-
Most importantly for us, TAIMI has a really positive social mission. They are passionate about changing laws and social perceptions in countries where homophobia exists.  They support the LGBT Foundation, UNAIDS, The Trevor Project, LA Pride, and Amsterdam Pride just to name a few. We are really happy Taimi is now available in 27 countries and we cannot wait to connect with you!
-
#taimipride #taimi #ad #taimiapp #LGBTQI #LGBT #gayuk #gaytravel #gayapps #gaydating #lgbtdating #gaynetworking #gaycouple #gaymen #gaytorremolinos #gayworld #gaycoupleshot #gaycouplegoals #gaycouplelife #gaycouplegoalz #loveforall #loveoutloud",77,1218,taimiapp,2019-10-07 10:33:16,https://scontent-sea1-1.cdninstagram.com/v/t51.2885-15/e35/s1080x1080/70004458_381021066167990_5105002593064684120_n.jpg?_nc_ht=scontent-sea1-1.cdninstagram.com&_nc_cat=102&_nc_ohc=ib36Gg0QpNEAX_FGCI1&tn=LQxpQRIt8Fufyfmk&edm=AP_V10EBAAAA&ccb=7-4&oh=00_AT_nnJoyWmCFwQLJY-FTpV3VkkKQI6Nb1335nlejrQmvAA&oe=61D10C7C&_nc_sid=4f375e,2.98,True
arielle_scarcella,https://scontent-sea1-1.cdninstagram.com/v/t51.2885-19/s150x150/124430694_135651914974105_1221511829206478223_n.jpg?_nc_ht=scontent-sea1-1.cdninstagram.com&_nc_cat=101&_nc_ohc=oeNz0ELnFkYAX-rx-o-&edm=AP_V10EBAAAA&ccb=7-4&oh=00_AT9y1ILIivaHeTbKs_zGfQA85QKPMoaJixA_MD57q7kxNg&oe=61D10A0F&_nc_sid=4f375e,92030,https://www.instagram.com/p/B30QuzrAg26/,"I know I talk about lesbians an awful lot, well because I am one and girls are hot. BUT let‚Äôs take a second to remember that the LGBT community is just that‚Äîa community. üåà

Join me on @taimiapp Its the first ever LGBT+ dating & social networking app in one. As I do, they also do their best to make sure everyone feels included. üåà

TAIMI is where you have a place to voice your opinions in a safe place. 
Their main social mission is to spread love and acceptance and fight homophobia. 
#taimi #taimiapp #relationships #taimipride #lesbianpride #lgbtprideüåà #gaypride2019 #lesbiansofig #lesbiandating #gaydating",32,1315,taimiapp,2019-10-19 16:29:38,https://scontent-sea1-1.cdninstagram.com/v/t51.2885-15/e35/p1080x1080/73420518_725168984617046_3263529864381511024_n.jpg?_nc_ht=scontent-sea1-1.cdninstagram.com&_nc_cat=102&_nc_ohc=ikFgoq2Y28AAX-BTVHH&edm=AP_V10EBAAAA&ccb=7-4&oh=00_AT85f5erGnmwxiIn849r_Io7hDEdPUBsV_cb9MlZIbBeTA&oe=61D0A736&_nc_sid=4f375e,1.43,True
theonlyroccohard,https://scontent-ort2-1.cdninstagram.com/v/t51.2885-19/s150x150/41812836_741323769575165_8870715081088827392_n.jpg?_nc_ht=scontent-ort2-1.cdninstagram.com&_nc_cat=105&_nc_ohc=SDgYGJu5YLAAX8F5ICu&edm=AP_V10EBAAAA&ccb=7-4&oh=00_AT9eGPSIdHV8zeNv1K5okDv37A6ysEsN7U6ZuFpIRB7S4A&oe=61D1DE5D&_nc_sid=4f375e,10130,https://www.instagram.com/p/B2Ba--Fp8Kw/,"Did you know that TAIMI is the world's first and only LGBTQI+ dating and social network?  Yes, that's right not just a dating app but a whole network to find friends, acquaintances, build connections of all sorts.  TAIMI offers video calls, you can post stories, take part in frequent contests and win cool stuff!  TAIMI also has a full digest and you can join awesome groups with content from around the world!  TAIMI is truly global and its features actually are updated frequently thanks to users' input.  So, the more you give feedback the better TAIMI becomes.  Join TAIMI today and see what reinventing deep connections really means!  Oh, you'll find me on there too!) Sapevi che TAIMI √® la prima dating e social app dedicata alla comunit√† LGBTQI+?
Si hai letto bene, non solo una dating app ma bens√¨ un‚Äôintera rete in cui trovare amici, conoscenti ed instaurare rapporti di ogni tipo.
TAIMI offre video chiamate, puoi postare storie, prendere parte nelle varie competizioni e vincere premi molto interessanti!
TAIMI offre anche un sommario di notizie e puoi iscriverti a fantastici gruppi che offrono contenuto da tutto il mondo!
TAIMI √® veramente una piattaforma globale e le sue funzionalit√† sono aggiornate frequentemente grazie ai suggerimenti dei suoi membri.
Perci√≤ pi√π feedback fornisci pi√π TAIMI migliora.
Entra a far parte di TAIMI oggi stesso e scopri cosa vuol dire reinventare forti relazioni! (Ah dimenticavo, ci sono anche io su TAIMI! )

#taimiapp #ad #taimipride #taimi @taimiapp 
#roccohard #app #dating #lgbtq+ #socialnetwork #men #women #love #friendship #fun",2,197,taimiapp,2019-09-05 02:06:33,https://scontent-ort2-1.cdninstagram.com/v/t51.2885-15/e35/s1080x1080/67451482_2096437573998641_8551687962876180170_n.jpg?_nc_ht=scontent-ort2-1.cdninstagram.com&_nc_cat=105&_nc_ohc=PfXaPMxwvqIAX-apnR1&tn=WCJUPPnL4CD-5S8q&edm=AP_V10EBAAAA&ccb=7-4&oh=00_AT9EiuEvEehnyze4qnCm7b0eg-Fbt_gWNOQMhWqMOZEFrA&oe=61D1059B&_nc_sid=4f375e,1.94,True
taimiapp,https://scontent-sea1-1.cdninstagram.com/v/t51.2885-19/s150x150/124090584_1837755946383514_5356664074039637776_n.jpg?_nc_ht=scontent-sea1-1.cdninstagram.com&_nc_cat=110&_nc_ohc=jqM0OQO4NYEAX-s-H9S&edm=AP_V10EBAAAA&ccb=7-4&oh=00_AT9KXPWzMXOQr1xFVscRV0RQIgHKO0deJ_GC-rB01AMe-Q&oe=61D1E074&_nc_sid=4f375e,67352,https://www.instagram.com/p/B0qth9Jhlv-/,Such an honor for our @taimiapp team to meet the amazing @jenniferhopelezz ahead of the @dragolympics @prideamsterdam ‚ù§Ô∏èüè≥Ô∏è‚Äçüåàüåà This is going to be a great weekend filled with love and pride üíïüåàü¶Ñüá≥üá± #Taimi #taimiapp #taimipride #prideamsterdam #dragolympics #drag #loveislove #lgbtqi #pride,1,106,taimiapp,2019-08-02 09:54:42,https://scontent-sea1-1.cdninstagram.com/v/t51.2885-15/e35/66603007_909386109413763_4642316822456837600_n.jpg?_nc_ht=scontent-sea1-1.cdninstagram.com&_nc_cat=103&_nc_ohc=iYhvBp31xkYAX9qpCCf&edm=AP_V10EBAAAA&ccb=7-4&oh=00_AT8y82l8HXwqm8WlWeR5KiYXla9MnVvBtQLX5991KnfsQg&oe=61D13CEE&_nc_sid=4f375e,0.16,True
taimiapp,https://scontent-iad3-2.cdninstagram.com/v/t51.2885-19/s150x150/124090584_1837755946383514_5356664074039637776_n.jpg?_nc_ht=scontent-iad3-2.cdninstagram.com&_nc_cat=110&_nc_ohc=jqM0OQO4NYEAX_v7cSn&edm=AP_V10EBAAAA&ccb=7-4&oh=00_AT-BavBAU3q980Ba_SQRuTT8l_ZA8WtjSZtDCIpQ7C7dqg&oe=61D1E074&_nc_sid=4f375e,67352,https://www.instagram.com/p/B1D7UmhhNGK/,Love is üíï @taimiapp continues to spread its message of love and acceptance around the world üåé Taimi est√° disponible en Am√©rica Central y del Sur ‚òùüèΩüòç photo by Brian Kyed ‚ù§Ô∏è#taimi #taimiapp #taimipride #latinx #gay #lgbtqi #lgbt #dating #loveislove #socialnetwork,4,165,taimiapp,2019-08-12 04:56:13,https://scontent-iad3-2.cdninstagram.com/v/t51.2885-15/e35/s1080x1080/66629838_486715121891793_1354574407898658444_n.jpg?_nc_ht=scontent-iad3-2.cdninstagram.com&_nc_cat=109&_nc_ohc=CgrY34g_fGcAX-g24MB&edm=AP_V10EBAAAA&ccb=7-4&oh=00_AT-SHMmnNPpO2D7hLiOL_yWJ1gs98qA7qq0BL-sHY_qf3A&oe=61D1FA69&_nc_sid=4f375e,0.24,True
taimiapp,https://scontent-lga3-2.cdninstagram.com/v/t51.2885-19/s150x150/124090584_1837755946383514_5356664074039637776_n.jpg?_nc_ht=scontent-lga3-2.cdninstagram.com&_nc_cat=110&_nc_ohc=jqM0OQO4NYEAX9rVrpV&edm=AP_V10EBAAAA&ccb=7-4&oh=00_AT9CHqqD3U3CP-KHkGR4b8j3ToDOyOQTZZKY5VC6FJ4kYg&oe=61D1E074&_nc_sid=4f375e,67352,https://www.instagram.com/p/Bz8YsWlo46v/,"Taimi‚Äòs quest to spread love continues... üåéüè≥Ô∏è‚Äçüåà
We are heading to the land of Windmills, Canals and Tulips next! üá≥üá± üå∑ üè≥Ô∏è‚Äçüåà ü¶Ñ
Romantic photo by: Cole Keister 
#taimi #taimiapp #taimipride #loveislove #gaydate #gaypride
#amsterdamgay #netherlands #holland #gayholland #amsterdampride #dutchgay #gaynetherlands #lgbtq #gaydating #dating #dateapp #lgbt",1,147,taimiapp,2019-07-15 10:07:33,https://scontent-lga3-2.cdninstagram.com/v/t51.2885-15/e35/66303011_2043393729290598_2220197270761410232_n.jpg?_nc_ht=scontent-lga3-2.cdninstagram.com&_nc_cat=106&_nc_ohc=qCKljkUZcVQAX-IYOeP&tn=fFzMvyouRPbOBsbB&edm=AP_V10EBAAAA&ccb=7-4&oh=00_AT9SwRSeE-7AZwY06ykOkwm7OlSELsEdxyOk-EtEhhW2mA&oe=61D0BC47&_nc_sid=4f375e,0.22,True
taimiapp,https://scontent-sea1-1.cdninstagram.com/v/t51.2885-19/s150x150/124090584_1837755946383514_5356664074039637776_n.jpg?_nc_ht=scontent-sea1-1.cdninstagram.com&_nc_cat=110&_nc_ohc=jqM0OQO4NYEAX-WXYX5&edm=AP_V10EBAAAA&ccb=7-4&oh=00_AT9g7cD6fhOppas6Lqx7QgmvH0DZOq3xTXBOfCusJDvGIg&oe=61D1E074&_nc_sid=4f375e,67352,https://www.instagram.com/p/B0N4odaAf7b/,"‚ÄúHappy‚Äù MondayüòÇ ü§™ 
@taimiapp team has so much fun stuff planned ahead that we can‚Äôt afford to sleep in! ü¶Ñüè≥Ô∏è‚Äçüåà
.
#taimi #taimiapp #taimipride #amsterdampride #pridenl #gaynl #berlingay #germany #berlinpride #csdberlin #gay #lgbtqi #netherlands",1,93,taimiapp,2019-07-22 05:20:26,https://scontent-sea1-1.cdninstagram.com/v/t51.2885-15/e35/67315301_102769964336367_8128343741674672183_n.jpg?_nc_ht=scontent-sea1-1.cdninstagram.com&_nc_cat=103&_nc_ohc=nixkZLwxPk0AX-LJ6EP&tn=JOt_MD6XePZxqxBk&edm=AP_V10EBAAAA&ccb=7-4&oh=00_AT8nkAr8tc22zgUP17_4GP6ArioEe8s_jp6iUWzOipCccg&oe=61CC37F9&_nc_sid=4f375e,0.13999999999999999,True
taimiapp,https://scontent-sea1-1.cdninstagram.com/v/t51.2885-19/s150x150/124090584_1837755946383514_5356664074039637776_n.jpg?_nc_ht=scontent-sea1-1.cdninstagram.com&_nc_cat=110&_nc_ohc=jqM0OQO4NYEAX9UfT4w&edm=AP_V10EBAAAA&ccb=7-4&oh=00_AT-YNsy9IuuAojciim5wPENi8I0eYyf4GSnY4B4QGsDGew&oe=61D1E074&_nc_sid=4f375e,67352,https://www.instagram.com/p/B0iZXayBZKD/,"Hey everyone ‚ù§Ô∏è Our incredibly awesome @taimiapp team is going to Amsterdam this weekend! üåà if you spot our Unicorn ü¶Ñ clad Taimi crew in the crowd at Pride Amsterdam - don't be shy and come say hi to us! üë®‚Äç‚ù§Ô∏è‚Äçüíã‚Äçüë®üè≥Ô∏è‚Äçüåà photo by: Jesse Yelin 
#taimi #taimipride #taimiapp #loveislove #lgbtqi #gay #prideamsterdam #canalpride # #dutchgay #amsterdampride",2,178,taimiapp,2019-07-30 04:24:34,https://scontent-sea1-1.cdninstagram.com/v/t51.2885-15/e35/s1080x1080/65028930_153355342513983_8287252467901963340_n.jpg?_nc_ht=scontent-sea1-1.cdninstagram.com&_nc_cat=103&_nc_ohc=VGgcXpliC1EAX_bVgUj&edm=AP_V10EBAAAA&ccb=7-4&oh=00_AT_tkEFlTMvjhStktlKD_bl8sgZ8paQwgvD3feRrqc7wHg&oe=61D07D60&_nc_sid=4f375e,0.26,True
taimiapp,https://scontent-iad3-2.cdninstagram.com/v/t51.2885-19/s150x150/124090584_1837755946383514_5356664074039637776_n.jpg?_nc_ht=scontent-iad3-2.cdninstagram.com&_nc_cat=110&_nc_ohc=jqM0OQO4NYEAX9wMaVX&edm=AP_V10EBAAAA&ccb=7-4&oh=00_AT_IqiftUCrgqmhJZoZ0oJXQvHk40MBFAxTj1-w0j4w0-w&oe=61D1E074&_nc_sid=4f375e,67352,https://www.instagram.com/p/BzOpPkdIut7/,"HAPPY PRIDE! üåà

Post pictures and videos celebrating PRIDE! üíúüíöüíõüíô‚ù§Ô∏è
Get a chance to win free tickets to a show in Las Vegas by tagging us @taimiapp/using hashtag #taimipride.

Share your stories of love & acceptance!  Spread the love around the globe! üíû

Show the world you‚Äôre OUT & PROUD for everyone that cannot! üè≥Ô∏è‚Äçüåà #contest #taimipride #taimigay #taimiapp #taimi #pride2019 #outandproud #loveislove #love #mypride #happypride #acceptance #lgbt #lgbtqia #gayrights",11,215,taimiapp,2019-06-27 15:47:06,https://scontent-iad3-2.cdninstagram.com/v/t51.2885-15/e35/s1080x1080/64674161_2620439231301225_3457871879910994588_n.jpg?_nc_ht=scontent-iad3-2.cdninstagram.com&_nc_cat=109&_nc_ohc=UcWUA3SmB8sAX9pOl0a&edm=AP_V10EBAAAA&ccb=7-4&oh=00_AT-vN98b7Yf6TsaVeqpYrQTte3A79hOnPHd2PRsTjlfmpw&oe=61D13F96&_nc_sid=4f375e,0.32,True
azmaguk,https://scontent-atl3-1.cdninstagram.com/v/t51.2885-19/s150x150/196171149_157071206400321_6450425133872627228_n.jpg?_nc_ht=scontent-atl3-1.cdninstagram.com&_nc_cat=109&_nc_ohc=DqdBV_itsf0AX80BTRE&edm=AP_V10EBAAAA&ccb=7-4&oh=00_AT-xbAEjFXD0GamC2vetXs3pz_0QEoGSIjFr-kTW6IbU4w&oe=61D10BCD&_nc_sid=4f375e,7366,https://www.instagram.com/p/BxkKOkyh-cE/,"‚û°Ô∏èüì±#taimiapp #taimi @taimiapp -
Introducing TAIMI, the new gay social app on the scene that means business shaking stereotypes about gay dating and gay culture in general. -
üìù: @achildof2worlds -
Download the app here: taimi.app.link/AZ
-
Read More About Here: azmagazine.co.uk/taimi-is-a-new-gay-social-app-on-the-scene-and-it-means-business/",0,41,taimiapp,2019-05-17 07:16:35,https://scontent-atl3-1.cdninstagram.com/v/t51.2885-15/e35/s1080x1080/59428805_421251858696317_382274665529086625_n.jpg?_nc_ht=scontent-atl3-1.cdninstagram.com&_nc_cat=105&_nc_ohc=fLSLWhEahhoAX8PWPpw&edm=AP_V10EBAAAA&ccb=7-4&oh=00_AT_qe1n-6kSgKSx_6RZ6eKiDijD4DFEE6ZqjDIVJ2FH7HQ&oe=61D1ABC1&_nc_sid=4f375e,0.5599999999999999,True
dearstraightpeopleig,https://scontent-lax3-1.cdninstagram.com/v/t51.2885-19/s150x150/144790644_174532260739994_4090504116956886297_n.jpg?_nc_ht=scontent-lax3-1.cdninstagram.com&_nc_cat=102&_nc_ohc=zylVfi_vIa0AX-v6CaL&edm=AP_V10EBAAAA&ccb=7-4&oh=00_AT-FV9grKZTHWuW-KWzOFAy28M6_XNYjXbpMTsOA01DaaA&oe=61D0C255&_nc_sid=4f375e,8360,https://www.instagram.com/p/BykP9gHhycN/,"Gay dating app @taimiapp , which recently launched in Singapore, promises a judgement-free zone designed to help gay men build meaningful connections.
‚†Ä
A cross between Facebook and Tinder, Taimi allows you to create an interactive feed, share Instagram like stories, join thematic groups and even make video calls.

#taimiapp #gayapp #sgboy #sponsored",0,79,taimiapp,2019-06-11 04:38:05,https://scontent-lax3-2.cdninstagram.com/v/t51.2885-15/e35/61595182_437912170119901_3402703338914160872_n.jpg?_nc_ht=scontent-lax3-2.cdninstagram.com&_nc_cat=101&_nc_ohc=sM_Offd0QJsAX-1E6UQ&edm=AP_V10EBAAAA&ccb=7-4&oh=00_AT9iPOOoCDsq1TSBO3id27DLeeCEfbWVLqYwfXVlSD7vZQ&oe=61D20250&_nc_sid=4f375e,0.9400000000000001,True
azmaguk,https://scontent-sea1-1.cdninstagram.com/v/t51.2885-19/s150x150/196171149_157071206400321_6450425133872627228_n.jpg?_nc_ht=scontent-sea1-1.cdninstagram.com&_nc_cat=109&_nc_ohc=DqdBV_itsf0AX_rdFGr&edm=AP_V10EBAAAA&ccb=7-4&oh=00_AT8bxGtkSprSTRu3hnIVROs3iYPCA6lO7Sz_8861XNnh-w&oe=61D10BCD&_nc_sid=4f375e,7366,https://www.instagram.com/p/BxuA00pBCqS/,"‚û°üì±#taimiapp #taimi @taimiapp -
Introducing TAIMI, the new gay social app on the scene that means business shaking stereotypes about gay dating and gay culture in general. -
üìù: @achildof2worlds -
Download the app here: taimi.app.link/AZ
-
Read More About Here: azmagazine.co.uk/taimi-is-a-new-gay-social-app-on-the-scene-and-it-means-business/",1,9,taimiapp,2019-05-21 03:07:33,https://scontent-sea1-1.cdninstagram.com/v/t51.2885-15/e35/60117885_2053323794962008_511426113700615070_n.jpg?_nc_ht=scontent-sea1-1.cdninstagram.com&_nc_cat=100&_nc_ohc=J5FXKl95lDIAX9Mzk3V&edm=AP_V10EBAAAA&ccb=7-4&oh=00_AT8AHJbJq49nMj-k8ahLeMw9fcKR7-LBPw0dZFSMkHIDeA&oe=61CC5B34&_nc_sid=4f375e,0.12,True
taimiapp,https://scontent-lax3-1.cdninstagram.com/v/t51.2885-19/s150x150/124090584_1837755946383514_5356664074039637776_n.jpg?_nc_ht=scontent-lax3-1.cdninstagram.com&_nc_cat=110&_nc_ohc=jqM0OQO4NYEAX9f1i4n&edm=AP_V10EBAAAA&ccb=7-4&oh=00_AT9Ap7z2JeFD6ivqqz9gkfzgCz-EI6JtjmEe2aNZOI8t_w&oe=61D1E074&_nc_sid=4f375e,67352,https://www.instagram.com/p/BpdFMy9Auq0/,Ever had to go through hell and get through it? #gayismorethanokay #gaydatingapp #gaylarious #itsthelgbt #bornperfect #taimiapp #gaydating #gaydate #gayboyproblem #gayboylife #gayboyprobs #gaystagramer #gaycuteboy #lgbtproud #lovewinsalways #gayfollowback	#queeryouth #gayhotties#gayfunny #gayboyfriend #gayboyfriends #gayboyfamous #gayboyswag #gaypower #gayproud #handsomegay #gayselfies #loveisloveislove #gayfollowme,5,199,taimiapp,2018-10-27 17:06:49,https://scontent-lax3-2.cdninstagram.com/v/t51.2885-15/e15/44178215_167054267577507_7836951744790852498_n.jpg?_nc_ht=scontent-lax3-2.cdninstagram.com&_nc_cat=103&_nc_ohc=LcEeHbzLaFcAX8bfUuO&edm=AP_V10EBAAAA&ccb=7-4&oh=00_AT-2NkjrGNRQgJKDQvS_B8djTSgBcP9Z_1fF-1dESKb3yw&oe=61D0B52F&_nc_sid=4f375e,0.3,True
nickandgrant,https://scontent-ort2-1.cdninstagram.com/v/t51.2885-19/s150x150/171176072_445949060034419_1246733309626645662_n.jpg?_nc_ht=scontent-ort2-1.cdninstagram.com&_nc_cat=111&_nc_ohc=LcuCzSaTBtQAX-bVx3u&edm=AP_V10EBAAAA&ccb=7-4&oh=00_AT-actY5D4qKNd5sSobkNuVPIZ3TaOnL2CDuOlvCOurZxQ&oe=61D0754F&_nc_sid=4f375e,112521,https://www.instagram.com/p/BqAibEngiJH/,"For us, it seemed impossible to find that special someone before we met each other 5 years ago. The thought of marriage, a house & 2 dogs was unheard of in the gay communityüë¨
.
When hearing about @taimiapp and what their app has to offer, we had to share it with you all. Many social media apps in gay culture are all about the right now hookups and not about creating an everlasting relationship with the love of your lifeüíï
.
Go and download #taimi and find that special someone who you can share your very own #TaimiDreamDate with! You‚Äôve heard ours and now we want to know, what would be your dream date? Tell us in the comments below! #ad ‚§µÔ∏è‚ù§Ô∏è
.
üé•: @rickyschayfilms",158,6441,taimiapp,2018-11-10 10:38:58,https://scontent-ort2-1.cdninstagram.com/v/t51.2885-15/fr/e15/s1080x1080/44718710_306785730158445_4476940525847274227_n.jpg?_nc_ht=scontent-ort2-1.cdninstagram.com&_nc_cat=109&_nc_ohc=k98XqaC8gpMAX-u-HTb&edm=AP_V10EBAAAA&ccb=7-4&oh=00_AT9V63byDQiDBk0vX4I124Qz7hMTBM1toBA1IEOjEJ5G8w&oe=61CC8B48&_nc_sid=4f375e,5.72,True
pridelasvegas,https://scontent-bos3-1.cdninstagram.com/v/t51.2885-19/s150x150/152438362_781841172417171_36342128789220915_n.jpg?_nc_ht=scontent-bos3-1.cdninstagram.com&_nc_cat=103&_nc_ohc=Z2g6j13WSsUAX_SoU3F&edm=AP_V10EBAAAA&ccb=7-4&oh=00_AT-MuTG2u6_eB92bQP-4hRFjAePFaeB1gt6CTDxuc-6LBw&oe=61D1823B&_nc_sid=4f375e,4949,https://www.instagram.com/p/BpAvnB-B5uX/,"Be proud! Never hide! Feel safe!
@taimiapp - the safest way to meet your men.
üåàüë® Download now:  https://taimi.app.link/lvpride
#Taimi #TaimiApp #GayDating #GayDatingApp #LGBT #findmeontaimi #gay #gaylove
#gaypride #gaydating #gaygram #loveislove",1,66,taimiapp,2018-10-16 16:59:26,https://scontent-bos3-1.cdninstagram.com/v/t51.2885-15/e35/42726395_315527719274081_1202685139763242340_n.jpg?_nc_ht=scontent-bos3-1.cdninstagram.com&_nc_cat=105&_nc_ohc=3lxDBhiiEq8AX-vlG1w&edm=AP_V10EBAAAA&ccb=7-4&oh=00_AT_Ylm85NvJOyq1beKUzOgCB6a4Pv8KLEoql7f_oLfmbwg&oe=61D0E7E9&_nc_sid=4f375e,1.3299999999999998,True
michaelandmatt,https://scontent-sjc3-1.cdninstagram.com/v/t51.2885-19/s150x150/243663547_183794013898065_3188389915053754394_n.jpg?_nc_ht=scontent-sjc3-1.cdninstagram.com&_nc_cat=1&_nc_ohc=RlIDrmdNzpcAX-VvXPO&edm=AP_V10EBAAAA&ccb=7-4&oh=00_AT-TF1ZWrBJxx13m3jm3tZhGuLSY4sQevZXb2jVp9bxaVw&oe=61D031EB&_nc_sid=4f375e,244388,https://www.instagram.com/p/BtPA8K3n6ns/,"HIII! üôà LOOKING FOR FRIENDS! ‚ù§Ô∏è #ad
.
I‚Äôm on my way back to Oregon ‚úàÔ∏è and am just thinking about how I LOVE MAKING NEW FRIENDS WHILE TRAVELING. üíï Thanks to the internet - this has gotten A LOT easier! ‚ò∫Ô∏è Using apps like @taimiapp, I can meet sweet new friends in new places. üôåüèº
.

Honestly, some of the best friends I‚Äôve made in life are those who I‚Äôve met just by chance while traveling. üåé  Who else loves making new friends while abroad?! ‚ù§Ô∏èü§ó
.
üì∏ @andylalwani",135,5711,taimiapp,2019-01-29 15:05:48,https://scontent-sjc3-1.cdninstagram.com/v/t51.2885-15/e35/50057718_348987959164324_6411393727468892257_n.jpg?_nc_ht=scontent-sjc3-1.cdninstagram.com&_nc_cat=104&_nc_ohc=tmYntq1KkYIAX-JH9vC&edm=AP_V10EBAAAA&ccb=7-4&oh=00_AT_tQUGi62KozbcBvIXoIHh0aEiZMPG7Gx7IKprYq3LPfg&oe=61D06DCC&_nc_sid=4f375e,2.34,True
taimiapp,https://scontent-lga3-1.cdninstagram.com/v/t51.2885-19/s150x150/124090584_1837755946383514_5356664074039637776_n.jpg?_nc_ht=scontent-lga3-1.cdninstagram.com&_nc_cat=110&_nc_ohc=jqM0OQO4NYEAX_Ls4wp&edm=AP_V10EBAAAA&ccb=7-4&oh=00_AT9xAjvhUb2xj6uUz79eY9eHRZRUSWB3QJ2zrLVT9GibRg&oe=61D1E074&_nc_sid=4f375e,67352,https://www.instagram.com/p/Bn2nAWEAYzn/,"Sometimes feeling like you and your partner are suddenly from the different planets? We all sometimes end up there, and in order to fix it, there are some great techniques, which we are happy to share with you today üíÅ‚Äç‚ôÇÔ∏è 1) Be Honest 2) Learn How to Communicate 3) Be Involved in Each Other‚Äôs Activities 4) Share and Be Attentive . What are your ideas on how to keep mutual understanding in a great state?  #gayismorethanokay #gaydatingapp #gaylarious #itsthelgbt #bornperfect #taimiapp #gaydating #gaydate #gayboyproblem #gayboylife #gayboyprobs #gaystagramer #gaycuteboy #lgbtproud #lovewinsalways #gayfollowback	#queeryouth #gayhotties #gayfunny",4,119,taimiapp,2018-09-17 22:00:26,https://scontent-lga3-1.cdninstagram.com/v/t51.2885-15/e15/40774274_352231635320210_1781145211699010450_n.jpg?_nc_ht=scontent-lga3-1.cdninstagram.com&_nc_cat=102&_nc_ohc=SQpQCW1X3t0AX9WVhHa&edm=AP_V10EBAAAA&ccb=7-4&oh=00_AT_yRWnAx-7jNLVU_s-kN7UWc9236Bg5px_mzj1c9_W4jg&oe=61D1C466&_nc_sid=4f375e,0.18,True
