username,profilepic,followers,Link,caption,comments,likes
__g4begab3__,https://scontent-atl3-2.cdninstagram.com/v/t51.2885-19/s150x150/241452293_242749121094135_5167105734474534009_n.jpg?_nc_ht=scontent-atl3-2.cdninstagram.com&_nc_cat=103&_nc_ohc=5y0Lap2ZdgoAX_D9KdY&edm=AP_V10EBAAAA&ccb=7-4&oh=00_AT_C6GxwFBApCPW8yVZdG1fVZ1SyMYzNaSFnrrTj0sxDzA&oe=61C2B806&_nc_sid=4f375e,735,https://www.instagram.com/p/CT3u5UBrVwC/,why can‚Äôt i be you? dodododoDODODODOO,22,128
__g4begab3__,https://scontent-sea1-1.cdninstagram.com/v/t51.2885-19/s150x150/241452293_242749121094135_5167105734474534009_n.jpg?_nc_ht=scontent-sea1-1.cdninstagram.com&_nc_cat=103&_nc_ohc=5y0Lap2ZdgoAX8JkZhT&edm=AP_V10EBAAAA&ccb=7-4&oh=00_AT8vlIM0mwefSxxL_IpLdCJ_JPb2KV5l-WEv_DC4Pbilpw&oe=61C2B806&_nc_sid=4f375e,735,https://www.instagram.com/p/CT3s_AuLMbj/,"you can‚Äôt write if you can‚Äôt relate,",24,141
gabecoin.io,https://scontent-iad3-2.cdninstagram.com/v/t51.2885-19/s150x150/197189312_2967739770124720_7453664180553488518_n.jpg?_nc_ht=scontent-iad3-2.cdninstagram.com&_nc_cat=104&_nc_ohc=4h5GBlzgxawAX-bxFx-&edm=AP_V10EBAAAA&ccb=7-4&oh=00_AT8xOUrzUCm6P5mwrOaW-7Ol3n3zqAn6uVVjLZPlR0Mj2w&oe=61C30815&_nc_sid=4f375e,0,https://www.instagram.com/p/CQdNRrDnyET/,ONE MISSION - ONE VISION üöÄüåï #gabecoin #gabearmy #moon #shill,0,1
cryptotothemoon2,https://scontent-lax3-1.cdninstagram.com/v/t51.2885-19/44884218_345707102882519_2446069589734326272_n.jpg?_nc_ht=scontent-lax3-1.cdninstagram.com&_nc_cat=1&_nc_ohc=oz9BpA1PD7YAX-CQ6_G&edm=ALlQn9MBAAAA&ccb=7-4&oh=00_AT--Lr6Z8tpxIQt4aby6ovPlopgJjaAMgNYGlsKdwC5tzg&oe=61C1E14F&_nc_sid=48a2a6&ig_cache_key=YW5vbnltb3VzX3Byb2ZpbGVfcGlj.2-ccb7-4,314,https://www.instagram.com/p/CQR97Haiotk/,"To the moon #GABE #GABEARMY #gabearmy #dogekiller
Telegram:http://t.me/gabe_official",0,4
gabehealthfitness,https://scontent-sjc3-1.cdninstagram.com/v/t51.2885-19/s150x150/46366871_509140899597078_2614345459203833856_n.jpg?_nc_ht=scontent-sjc3-1.cdninstagram.com&_nc_cat=106&_nc_ohc=20_CI5nheXkAX8JVKjq&tn=WQaRXB86RtE0fk8Z&edm=AP_V10EBAAAA&ccb=7-4&oh=00_AT9M6N8IetuKMqkgNId4GtAofqKCC7Xe-zmjtOWvJXO6aQ&oe=61C29E2C&_nc_sid=4f375e,145,https://www.instagram.com/p/Bq5jsvNhDXG/,"What do you think of it? üëáüèº üëáüèºüëáüèºWhen I don‚Äôt have time to go the gym but I wanna have a quick session I just go to the nearest spot and do my thing. 
I will post a few street workout exercises for you guys üí™üèº
Go out and do your thing üí™üèº
www.gabefitness.com üëàüèº #gabearmy #protein #streetworkout #workout #discuss #tbt #night #winter #cold #motivated #gym #calesthenics #fitness #fitnessmotivation #mik #ikozosseg #iphoto",4,52
gabehealthfitness,https://scontent-iad3-2.cdninstagram.com/v/t51.2885-19/s150x150/46366871_509140899597078_2614345459203833856_n.jpg?_nc_ht=scontent-iad3-2.cdninstagram.com&_nc_cat=106&_nc_ohc=20_CI5nheXkAX_kQhv4&tn=vy5YEmBxeoiE0ia4&edm=AP_V10EBAAAA&ccb=7-4&oh=00_AT_3X5lzcBh-YWEnL9o3BzkXW8nY6A7mvzjvDaQ13aKkgQ&oe=61C29E2C&_nc_sid=4f375e,145,https://www.instagram.com/p/Bq4CKEQBlOg/,"Healthy breakfast: oats with peanut butter üòã

HAVE YOU TRIED THIS? ü§Ø

#gabearmy #havetotrythis #fitness #fitnessfood #breakfastideas #breakfast #motivation #gym #mik #ikozosseg #raspberry #oats #food #mutimiteszel #tbt #best #protein #healthyfood #healthybreakfast",1,73
gabehealthfitness,https://scontent-atl3-1.cdninstagram.com/v/t51.2885-19/s150x150/46366871_509140899597078_2614345459203833856_n.jpg?_nc_ht=scontent-atl3-1.cdninstagram.com&_nc_cat=106&_nc_ohc=20_CI5nheXkAX_6g0T9&tn=HboWQviF37ydnTyP&edm=AP_V10EBAAAA&ccb=7-4&oh=00_AT9JNrtGqcNrhd8rN_dlFBvQsl6v_J8Bv6U4K6X6O1dgmw&oe=61C29E2C&_nc_sid=4f375e,145,https://www.instagram.com/p/Bq2-ycYhhXO/,"‚ÄúThe journey is what brings us happiness not the destination.‚Äù -peaceful warrior üôè

One of my favorite quotes. 
What‚Äôs yours?  write in the comments below üëáüèº #motivation #fitness #fitnessfood #motivationquotes #mik #gym #peaceful #movies #quotes #gabearmy #write #captionideas #follow #tbt #best",0,53
welovegabe1,https://scontent-sjc3-1.cdninstagram.com/v/t51.2885-19/s150x150/39011793_1835640703181881_5125703387970535424_n.jpg?_nc_ht=scontent-sjc3-1.cdninstagram.com&_nc_cat=101&_nc_ohc=947GwNzKoLMAX8Jt_H7&edm=AP_V10EBAAAA&ccb=7-4&oh=00_AT9jTLIlp0k0StmMwWghQTvYoSEv1OsZvPWokPsOnjjdsA&oe=61C385CD&_nc_sid=4f375e,32,https://www.instagram.com/p/Bmon_M6FLNR/,We met daddy gabe today. #blessed #lovelife #gabearmy #gabegang #westan #likeforlike #loml #lfl #l4l #omgpage #omgpageedit #fff,3,12
innazahara,https://scontent-lga3-2.cdninstagram.com/v/t51.2885-19/s150x150/67239438_877866522596930_6839380706120957952_n.jpg?_nc_ht=scontent-lga3-2.cdninstagram.com&_nc_cat=102&_nc_ohc=R6lSFOX7ZVUAX8wIfm8&edm=AP_V10EBAAAA&ccb=7-4&oh=00_AT81mgFPfUYOb_-1bI7RAnIS7JdrqWBOVkbVPMgUCpU0Ww&oe=61C295C4&_nc_sid=4f375e,910,https://www.instagram.com/p/wEXbnDMaA1/,Thanks for the gift ‚ô• #gabearmy,0,1
garrettk161,https://scontent-iad3-2.cdninstagram.com/v/t51.2885-19/s150x150/70452623_396810734329571_4465874962514706432_n.jpg?_nc_ht=scontent-iad3-2.cdninstagram.com&_nc_cat=111&_nc_ohc=y7hvVCfJmB8AX_27AQC&edm=AP_V10EBAAAA&ccb=7-4&oh=00_AT-mLP0t4A3LjEahSxiENjeUaAccm4rC16nbo7A-z4ClGQ&oe=61C26697&_nc_sid=4f375e,338,https://www.instagram.com/p/CShf_Ziga1g/,"first full bridger flight, super fun and my longest flight so far!
#Bozeman #speedflying #bbowlflyin",1,22
garrettk161,https://scontent-iad3-2.cdninstagram.com/v/t51.2885-19/s150x150/70452623_396810734329571_4465874962514706432_n.jpg?_nc_ht=scontent-iad3-2.cdninstagram.com&_nc_cat=111&_nc_ohc=y7hvVCfJmB8AX9QjSO8&edm=AP_V10EBAAAA&ccb=7-4&oh=00_AT-wdLv6CubnFQMuKRGol7ATiug6Q8wkSDqIzqPNG_rvTg&oe=61C26697&_nc_sid=4f375e,338,https://www.instagram.com/p/CSe5eRRl_8p/,"Kinda Short kinda choppy flight today but super excited to break into a new zone for me!
#bbowlslidin #bbowlflyin",0,23
kevinmabry,https://scontent-arn2-1.cdninstagram.com/v/t51.2885-19/11324367_1639029496334983_1406283673_a.jpg?_nc_ht=scontent-arn2-1.cdninstagram.com&_nc_cat=107&_nc_ohc=dySo7CN-qwwAX_JVjTH&edm=AP_V10EBAAAA&ccb=7-4&oh=00_AT-JWT-EYZ7hF5Yo-v3I1uwcnm7nkMu5n6M7N850hCvWoA&oe=61C38DB2&_nc_sid=4f375e,978,https://www.instagram.com/p/CGOYTPiJKE4/,@bridgerbowl video games. Pretty fun ripping the race course without snow! #proximityflying #speedflying #miragersplus @swingparagliders #bbowlslidin #bbowlflyin #gopromax @gopro,11,181
kevinmabry,https://scontent-ort2-2.cdninstagram.com/v/t51.2885-19/11324367_1639029496334983_1406283673_a.jpg?_nc_ht=scontent-ort2-2.cdninstagram.com&_nc_cat=107&_nc_ohc=dySo7CN-qwwAX-PQLB_&edm=AP_V10EBAAAA&ccb=7-4&oh=00_AT8dHd-wjz1qJNeEtpQY9fKKXvt7R4jYw_LEKMo9dkEtkg&oe=61C38DB2&_nc_sid=4f375e,978,https://www.instagram.com/p/B8c2DCCJZ-P/,"Fresh tracks, blower pow and barrel rolls all day, thank you @bridgerbowl !! #skiing #speedflying #bbowlslidin #bbowlflyin #onlyinbozeman @blizzardskis @swingparagliders",17,170
bigskymountainproducts,https://scontent-ort2-1.cdninstagram.com/v/t51.2885-19/s150x150/79234299_823157888131874_7553550939001454592_n.jpg?_nc_ht=scontent-ort2-1.cdninstagram.com&_nc_cat=102&_nc_ohc=EGuT-Sx3_UYAX9h3isr&edm=AP_V10EBAAAA&ccb=7-4&oh=00_AT-jsVo8plVGsQLaXBVyPAE4Ay-3CYda3O_jjtRfEod5BA&oe=61C21081&_nc_sid=4f375e,3161,https://www.instagram.com/p/Bt4RNcAAkOQ/,"#tbt to the boss, @tomjungst, launching off the ridge in the mid-‚Äò80s. Who else would you want designing your skins?

#findyourdreamline #bbowlslidin #bbowlflyin #montana #ridge #bigskycountry #mountains #gettinit",1,158
kevinmabry,https://scontent-ort2-1.cdninstagram.com/v/t51.2885-19/11324367_1639029496334983_1406283673_a.jpg?_nc_ht=scontent-ort2-1.cdninstagram.com&_nc_cat=107&_nc_ohc=dySo7CN-qwwAX_kNpv2&edm=AP_V10EBAAAA&ccb=7-4&oh=00_AT_O7pVVs2Tfq8HtoBA27MnhPWPY51Mq-FP0FeukUzo5fw&oe=61C38DB2&_nc_sid=4f375e,978,https://www.instagram.com/p/Bq_EeLnFelo/,Staying on the ground when flying proves to be challenging! #stilllearning #gaper #sundayfunday #speedriding #dontfollowourtracks @bridgerbowl #bbowlslidin #bbowlflyin #liftserved #highspeedhammocks #ozonespeedwings @ozoneparagliders,13,160
kevinmabry,https://scontent-msp1-1.cdninstagram.com/v/t51.2885-19/11324367_1639029496334983_1406283673_a.jpg?_nc_ht=scontent-msp1-1.cdninstagram.com&_nc_cat=107&_nc_ohc=dySo7CN-qwwAX_GBcOx&edm=AP_V10EBAAAA&ccb=7-4&oh=00_AT8T_knxz3YD79OSYulr9fBvIp93M-abGH3hWiSVV_I3_w&oe=61C38DB2&_nc_sid=4f375e,978,https://www.instagram.com/p/BjBZTHfhC6m/,#sundayfunday with the boyz @j4cks_world @mason_ulrichs ! #bbowlslidin #bbowlflyin #bridgerliftslalom #chairliftgrinding #highspeedhammocks #speedflying #montana #bozeman #montana #ozoneparagliders @ozoneparagliders,8,105
busk.ier_dec,https://scontent-sjc3-1.cdninstagram.com/v/t51.2885-19/s150x150/122769437_211199537089767_1514895028354317712_n.jpg?_nc_ht=scontent-sjc3-1.cdninstagram.com&_nc_cat=103&_nc_ohc=fRSwoEQzJdMAX_Xf36s&edm=AP_V10EBAAAA&ccb=7-4&oh=00_AT8WcRNGuH5ev9LfqzUMCk00bQorFZPLy_av2epbub2iCw&oe=61C3C292&_nc_sid=4f375e,1161,https://www.instagram.com/p/Bg4hihbBdLe/,"A windmill is a structure or machine that converts wind into usable energy through the rotation of a wheel made of adjustable blades. Traditionally windmills are designed to grind grain into flour, but here they are used as a natural reaction for getting sendy!
üìπ @aiden_mccamountain
#sendseason #gratefulshred #bbowlflyin #bbowlslidin #rollindownthewindows",1,129
bridgerbowl,https://scontent-atl3-2.cdninstagram.com/v/t51.2885-19/s150x150/23498402_129526974412051_8019438922205495296_n.jpg?_nc_ht=scontent-atl3-2.cdninstagram.com&_nc_cat=107&_nc_ohc=2n1F3OxlcgUAX97xTZZ&edm=AP_V10EBAAAA&ccb=7-4&oh=00_AT9Xs2UekDe0bZU3wx-jYp5YKhjiMBD78gu8u150mNUcfA&oe=61C23863&_nc_sid=4f375e,35341,https://www.instagram.com/p/BgwsNPkHrvX/,"For the first time this season, our grooming department hit every trail overnight making for acres of smooth #corduroy this morning! üéµ@themothband
#waittiltheend
#whengroomersbiteback
#appropriateDINsetting
#bbowlflyin
#dontworryhesok
#justalittlesore
#savageslamsofinstagram",15,1044
jeremy_ricksmtb,https://scontent-sea1-1.cdninstagram.com/v/t51.2885-19/s150x150/229930602_1022911208543783_3149320099584656463_n.jpg?_nc_ht=scontent-sea1-1.cdninstagram.com&_nc_cat=111&_nc_ohc=ykHFz9NhjLYAX8uSZHx&edm=AP_V10EBAAAA&ccb=7-4&oh=00_AT8HIo9xELrWOE_lpE8NVJxDy7cMN-sI6XHojnYV0MEpHA&oe=61C24AAC&_nc_sid=4f375e,418,https://www.instagram.com/p/BfUNjHqHiWu/,"Got some turns in today for the late, great Warren Miller. Had to take it easy, as it was the first time skiing after a back injury, but it felt good to honor the legend. 
For those of you who don‚Äôt know, Warren Miller was the pioneer, OG, and creator of ski movies (and action sports movies in general). I couldn‚Äôt even begin to count how many times I‚Äôve watched his 1997 film, Snowriders 2, or his 1998 film, Freeriders. His movies have been a part of my life since day one. Some of my earliest memories are sitting on the couch watching these movies with my dad and the running around the living room jumping off couches, pretending we were skiing (before actually skiing the next day, of course), and singing the songs from the movies. They are some of the first movies, and first songs I ever remember seeing/ hearing. It was a long-time dream of mine as a kid to be a pro skier and star in his movies. While I‚Äôve come to terms that God has not called me to the pro-skier route, Warren‚Äôs influence remains huge in my life. He always emphasized how skiing brought freedom. Pure freedom. It was something I never understood as a kid watching his movies, but as I‚Äôve gotten older, I understand it now. Skiing is a fantasy world. A much needed escape from the crap of this world. A place where you never have to grow up. And Warren preached that. He always said, ‚ÄúIf you don‚Äôt do it this year, you‚Äôll be one year older when you do,‚Äù and three years ago I embraced that and decided to give up running at a collegiate level and chose to ski instead; first in Wyoming and now Bozeman. This is a decision I haven‚Äôt regretted once. Thank you Warren for all you‚Äôve done for the sport, and for instilling a deep love of skiing in me. Your legacy will live on in the hearts of skiers everywhere. .
.
#ripwarrenmiller #listentoskiing #armada #whatskiingwillbecome #sagafam #pushcartchampion #bbowlslidin #bridgerbowl #goatworthy #warrenmiller #legend #gopro #goprophotography #wutangisforthechildren #skiing #bbowlflyin PC: @brittanybarbero",3,98
kevinmabry,https://scontent-sea1-1.cdninstagram.com/v/t51.2885-19/11324367_1639029496334983_1406283673_a.jpg?_nc_ht=scontent-sea1-1.cdninstagram.com&_nc_cat=107&_nc_ohc=dySo7CN-qwwAX9xb5Rc&edm=AP_V10EBAAAA&ccb=7-4&oh=00_AT-aRYWjI4j-eUI-1sPbnwpU8z1yzkruk_av6n_0rnPmbw&oe=61C38DB2&_nc_sid=4f375e,978,https://www.instagram.com/p/BeRs1LrhYJr/,"Saddeled up and took the wings for a spin... üé∂@griz
@accidental.adventure @mtoeldte 
@flyagria @bridgerbowl #speedriding #bridgerbowl #bbowlslidin #bbowlflyin #saddlepeak #footballfield #fknsndr #ozoneparagliders #swingparagliders @ozoneparagliders @swingparagliders",11,144
jeremy_ricksmtb,https://scontent-dfw5-1.cdninstagram.com/v/t51.2885-19/s150x150/229930602_1022911208543783_3149320099584656463_n.jpg?_nc_ht=scontent-dfw5-1.cdninstagram.com&_nc_cat=111&_nc_ohc=ykHFz9NhjLYAX8tvMUT&edm=AP_V10EBAAAA&ccb=7-4&oh=00_AT-bChc5Tx8HSv_Kd_aALI1JLWZ7crcbri1GeYv660K4-g&oe=61C24AAC&_nc_sid=4f375e,418,https://www.instagram.com/p/Bd5PXGCHreY/,"Drop cliffs not bombs üí£Getting sendy with @connorcawthorn .
.
.
Cliff: Diving Board
PC: @lujoth .
.
.
#bbowlslidin #bbowlflyin #powder #dropcliffsnotbombs #gopro #armada #whatskiingwillbecome #listentoskiing #sagafam #skiing #powdays #goatworthy",2,79
bridgerbowl,https://scontent-iad3-1.cdninstagram.com/v/t51.2885-19/s150x150/23498402_129526974412051_8019438922205495296_n.jpg?_nc_ht=scontent-iad3-1.cdninstagram.com&_nc_cat=107&_nc_ohc=2n1F3OxlcgUAX_MI5Dq&edm=AP_V10EBAAAA&ccb=7-4&oh=00_AT9fg6kujdCSnz-cKZIJc4umdSZ-TVHMdwRW-xjHZ51-hw&oe=61C23863&_nc_sid=4f375e,35341,https://www.instagram.com/p/Bd0LZhjnj52/,"Slow-mo video of our feathered friend taking flight in search of more fresh pow yesterday...
#bbowlflyin #fullwingspan #birdsofafeathershredtogether",14,833
kevinmabry,https://scontent-den4-1.cdninstagram.com/v/t51.2885-19/11324367_1639029496334983_1406283673_a.jpg?_nc_ht=scontent-den4-1.cdninstagram.com&_nc_cat=107&_nc_ohc=dySo7CN-qwwAX-TDezX&edm=AP_V10EBAAAA&ccb=7-4&oh=00_AT-07qq-JX6JNI_jJXViSxX8AOCWfh3WIWHpcoigLmYNow&oe=61C38DB2&_nc_sid=4f375e,978,https://www.instagram.com/p/BZEhknMBi5y/,"When you're jonesin' for the lifts to open but you're kinda glad they aren't. Been having too much fun flying with @j4cks_world, @mtoeldte and @accidental.adventure lately! #bbowlflyin #bbowlslidin #hikeandfly #speedflying #followtheleader #loopdyloop #footdrag #swoop #iflymontana @swingparagliders @ozoneparagliders",6,66
kevinmabry,https://scontent-sjc3-1.cdninstagram.com/v/t51.2885-19/11324367_1639029496334983_1406283673_a.jpg?_nc_ht=scontent-sjc3-1.cdninstagram.com&_nc_cat=107&_nc_ohc=dySo7CN-qwwAX9luoQo&edm=AP_V10EBAAAA&ccb=7-4&oh=00_AT8svtGHRNeK7OrVWM30IasEGjUf5MM3HVkMRT7GNOmBTg&oe=61C38DB2&_nc_sid=4f375e,978,https://www.instagram.com/p/BVoB_6uBp-X/,Turn it up! üé∂Still one of my favorite edits from this spring crushing it with @j4cks_world #speedflying #montana #hikeandfly #bbowlflyin #tipbump #justthetip #surfingtheinvisiblewave #freedom #bestdayever #onlyinbozeman #swingparagliders #ozoneparagliders,7,78
kevinmabry,https://scontent-iad3-2.cdninstagram.com/v/t51.2885-19/11324367_1639029496334983_1406283673_a.jpg?_nc_ht=scontent-iad3-2.cdninstagram.com&_nc_cat=107&_nc_ohc=dySo7CN-qwwAX95i2Ag&edm=AP_V10EBAAAA&ccb=7-4&oh=00_AT-0xwrS9dvVmUt6jalj3sN_nENpwFOgV42Fjv9dz4hPWg&oe=61C38DB2&_nc_sid=4f375e,978,https://www.instagram.com/p/BTiA8KtBFdK/,Fun week flying @bridgerbowl with @j4cks_world #sluiceboxslalom #bbowlflyin #bbowlslidin #stillcrowded #fknsndr #bigguycountry #speedflying #postseason #swingmirage @swingparagliders #hikeandfly #montana #onlyinbozeman,5,129
bridgerbowl,https://instagram.fbis1-1.fna.fbcdn.net/v/t51.2885-19/s150x150/23498402_129526974412051_8019438922205495296_n.jpg?_nc_ht=instagram.fbis1-1.fna.fbcdn.net&_nc_cat=107&_nc_ohc=2n1F3OxlcgUAX-OtrED&edm=AP_V10EBAAAA&ccb=7-4&oh=00_AT9ZrAHoJtwUb-hCE_3pYrhMVyf9xqvYydG9Xe6tZIuCbA&oe=61C23863&_nc_sid=4f375e,35341,https://www.instagram.com/p/BR9HkvzFkgo/,"Catching a little air on a fine Spring day!
#bbowlflyin #bbowlslidin #springisintheair",2,805
bridgerbowl,https://scontent-sjc3-1.cdninstagram.com/v/t51.2885-19/s150x150/23498402_129526974412051_8019438922205495296_n.jpg?_nc_ht=scontent-sjc3-1.cdninstagram.com&_nc_cat=107&_nc_ohc=2n1F3OxlcgUAX-lgnT_&edm=AP_V10EBAAAA&ccb=7-4&oh=00_AT_Zlr0bo0bSPliiM5L3ls32r5QcBkzM1PcRcsVPwQZ8HQ&oe=61C23863&_nc_sid=4f375e,35341,https://www.instagram.com/p/BQBrotQFPsO/,"Sometimes #bbowlslidin is #bbowlflyin!
#whenindoubtairitout #severalflightsdaily",5,1070
skiogh,https://scontent-lax3-1.cdninstagram.com/v/t51.2885-19/s150x150/31482713_622753034728485_1115248340703903744_n.jpg?_nc_ht=scontent-lax3-1.cdninstagram.com&_nc_cat=109&_nc_ohc=ImNRIWN2OGwAX8BU1pR&edm=AP_V10EBAAAA&ccb=7-4&oh=00_AT9HTJ6TYElXARQCTjSCIDvmFbAWIbi_stBNwuO2XwSmXA&oe=61C1E493&_nc_sid=4f375e,811,https://www.instagram.com/p/BNwv6QZBW7U/,"#tbt Public Service Announcement: Tomorrow, December 9th, 2016, Jim Bridger's Bowl will open for the season! Dust off your rocket ships and get ready for lift off. üì∏: @myles_trainer 
#nasa #airtime #bbowlslidin #bbowlflyin",4,114
akdeane,https://scontent-iad3-1.cdninstagram.com/v/t51.2885-19/s150x150/70540799_2548669265419552_8321355709862117376_n.jpg?_nc_ht=scontent-iad3-1.cdninstagram.com&_nc_cat=104&_nc_ohc=2LzXpeewOGIAX9VF0qL&edm=AP_V10EBAAAA&ccb=7-4&oh=00_AT-Rutes6hY9TVkbTeynyqSe1u8uyOc2m6I2FxFpax25MQ&oe=61C36F54&_nc_sid=4f375e,1167,https://www.instagram.com/p/j3CqBlDv9x/,Today was a good day! @mtmaxtaylor hucking. üéø‚ùÑ #bbowlflyin #titsdeep #bbowlslidin,4,50
rodneymcshred,https://scontent-sea1-1.cdninstagram.com/v/t51.2885-19/s150x150/158087960_790753318314865_8253763990316281084_n.jpg?_nc_ht=scontent-sea1-1.cdninstagram.com&_nc_cat=101&_nc_ohc=J25U7eDxV6YAX8eHoWk&edm=AP_V10EBAAAA&ccb=7-4&oh=00_AT-IfewVLvW8bos3l5gB8-wMdh_yB8Ly8U8NUMrN08d_gA&oe=61C286D6&_nc_sid=4f375e,213,https://www.instagram.com/p/CLDXDsdn1rp/,"The sends were big, the falls were bigger, and the pow was deeeep @coltonellingson @elena_silverman @crowe.bar @adrien.regelbrugge will be getting redemption on #saberslice asap...keep the snow coming",10,20
george.vincent,https://scontent-ecv1-1.cdninstagram.com/v/t51.2885-19/s150x150/175149364_457580055300074_1457032526532051463_n.jpg?_nc_ht=scontent-ecv1-1.cdninstagram.com&_nc_cat=102&_nc_ohc=Gn3GHlMCZtgAX8TAaFJ&edm=AP_V10EBAAAA&ccb=7-4&oh=00_AT8yI4p0LQLJFzrjR-k7C-RK0p6EWedO1aEdsv2u-yACUw&oe=61C2AEC8&_nc_sid=4f375e,1519,https://www.instagram.com/p/CK2ZGUsFn8k/,"Checked off an infamous one from the B-Bowl list of sends with @dangerous_doyle today.
#saberslice
üìπ: @sd414_",22,323
gabe.ews,https://scontent-lax3-2.cdninstagram.com/v/t51.2885-19/s150x150/242319549_564599221627674_4796509031766795235_n.jpg?_nc_ht=scontent-lax3-2.cdninstagram.com&_nc_cat=106&_nc_ohc=JfkS9k_Au8kAX8S4Bpz&edm=AP_V10EBAAAA&ccb=7-4&oh=00_AT-1bWhJ3pxTRdEZAbM_nfhoTaamMMERhlniRsUBZrXi0w&oe=61C3452E&_nc_sid=4f375e,381,https://www.instagram.com/p/B9kK3E6HLGt/,SLICE OR BE SLICED #bridgerbowl #saberslice,15,111
the_hoog,https://scontent-sea1-1.cdninstagram.com/v/t51.2885-19/s150x150/242335502_535691947503652_6616914494301628491_n.jpg?_nc_ht=scontent-sea1-1.cdninstagram.com&_nc_cat=104&_nc_ohc=O_o85HWDe1EAX_idBtr&edm=AP_V10EBAAAA&ccb=7-4&oh=00_AT8o72hjflzq8izYqk8njfLoWjwwTDY9IBjQOCP-X6xsiw&oe=61C30BF3&_nc_sid=4f375e,1595,https://www.instagram.com/p/Bufd4GKF26g/,Thigh deep off the ridge. Ended up skiing Saber Slice but my #gopro died right before I dropped. Oh whale still phun. #yeaithrewthatshade #dps #saberslice #bridgerbowl #gotscared #fearplusreasonequalscourage #whoops,2,125
_prestonnelson_,https://scontent-iad3-2.cdninstagram.com/v/t51.2885-19/s150x150/265977481_1582278835445401_7241434015619715440_n.jpg?_nc_ht=scontent-iad3-2.cdninstagram.com&_nc_cat=101&_nc_ohc=Hlt72n4jwmEAX86f2SK&edm=AP_V10EBAAAA&ccb=7-4&oh=00_AT_LDSjdVaiC2dwCcenGB2fVvs4mkQohQRNAeeypy8v6cQ&oe=61C2B3D9&_nc_sid=4f375e,896,https://www.instagram.com/p/BueWN5iFnZu/,Definitely didn‚Äôt need coffee before this one! üçï üìπ @hailleyjones #saberslice #mindthetrees #kartel108 @on3pskico,1,156
cme_ski,https://scontent-iad3-2.cdninstagram.com/v/t51.2885-19/s150x150/93810929_517852115785990_57068591966584832_n.jpg?_nc_ht=scontent-iad3-2.cdninstagram.com&_nc_cat=110&_nc_ohc=a5SlQGYcucgAX8OtDek&edm=AP_V10EBAAAA&ccb=7-4&oh=00_AT-WE2X365f2YugJsKEApOOqxbxNl60LG9Tzni5cwud_3Q&oe=61C33F3C&_nc_sid=4f375e,1121,https://www.instagram.com/p/Bt7BKLEH8rC/,Play it as it lies ‚õ≥Ô∏è#tightloose #saberslice #pinnersgonnapin,11,251
garrettk161,https://scontent-iad3-2.cdninstagram.com/v/t51.2885-19/s150x150/70452623_396810734329571_4465874962514706432_n.jpg?_nc_ht=scontent-iad3-2.cdninstagram.com&_nc_cat=111&_nc_ohc=y7hvVCfJmB8AX9BC-sb&edm=AP_V10EBAAAA&ccb=7-4&oh=00_AT9afOU0LsZclNAsSBjEkyVhNgjfV8Boz63eCgifyHGjRw&oe=61C26697&_nc_sid=4f375e,338,https://www.instagram.com/p/BtEBl5iFuWU/,"Gotta go faaaaast
.
.
@voilemfg @akaso_official
@bridgerbowl 
#skiing #saberslice #straightline #2fast2furious #freeski #voile #the_v_team #hypercharger #akaso #gobeyond #v50elite #gotabitfoggy #bbowlslidin",5,33
artmorganmade,https://scontent-atl3-1.cdninstagram.com/v/t51.2885-19/s150x150/13687088_320318238315097_727133096_a.jpg?_nc_ht=scontent-atl3-1.cdninstagram.com&_nc_cat=101&_nc_ohc=Y3JOwJvISDkAX9CutRk&tn=qaosGB3Ytd1BGyrC&edm=AP_V10EBAAAA&ccb=7-4&oh=00_AT9iaBodCABR-LB5m7ihD-MyZn4HZNv8JmaHm9I3gicJvQ&oe=61C369C0&_nc_sid=4f375e,1076,https://www.instagram.com/p/BtCTo5VHT9q/,"Living in Montana, I‚Äôm alway in awe of the skiers that learned on these mountains. I remember going down the ski hill (an actual landfill) in southern Wisconsin and being nervous. The skiers here rip shoots and cliffs like they came out of the womb clipped into a pair of powder skis. It‚Äôs been several years for me now, living in the Rocky Mountains and learning from the best. But skiing at @bridgerbowl keeps me humble. Both of these shots were taken at #saberslice and both of these guys killed it. The second guy sent it with two different skis on. After witnessing that, I can never complain about my setup again. .
.
.
.
.
.
.
.
.
.
.
.
#winter #rockies #shoots #canon5dmarkiii #‚õ∑ #üèî #üéø #ski
#wildernessculture #optoutside #thegreatoutdoors #goatworthy #dogs_of_instagram #skiing #powderday #createcommune #powday #montanamoment #montana #adventurepic #theadventureproject",9,137
q_ski,https://scontent-iad3-2.cdninstagram.com/v/t51.2885-19/s150x150/195880003_959341834832384_4975228632255981675_n.jpg?_nc_ht=scontent-iad3-2.cdninstagram.com&_nc_cat=108&_nc_ohc=22QudJ0LzmMAX_kUlyG&edm=AP_V10EBAAAA&ccb=7-4&oh=00_AT8XSKt3tr3UvN4Z6iWyqZUpuFbQvhmeGeEwttXXj0NopQ&oe=61C3A4BD&_nc_sid=4f375e,1024,https://www.instagram.com/p/BsEvQ1vFv5g/,"Skiing is fun -the nikochiko man
#powpow #powpow4mybombholio #didnthitthetree #3/5 #cuttheguyoffandscream #bbowlslidin #saberslice #k2pinnacle105",11,226
its_jes5,https://scontent-ort2-1.cdninstagram.com/v/t51.2885-19/s150x150/205454418_125598549711381_2119517859648570756_n.jpg?_nc_ht=scontent-ort2-1.cdninstagram.com&_nc_cat=109&_nc_ohc=1ybssgqWPIQAX_qO4eS&edm=AP_V10EBAAAA&ccb=7-4&oh=00_AT-BD24-LkOwJHpvY-RygTlYxgaQ6IzuymzGv-s5R2B4yw&oe=61C3CE70&_nc_sid=4f375e,978,https://www.instagram.com/p/BhRIeoNAqK1/,I got sporty in #saberslice,13,140
hayesmajerus,https://scontent-iad3-1.cdninstagram.com/v/t51.2885-19/s150x150/11875521_493709454135264_421672395_a.jpg?_nc_ht=scontent-iad3-1.cdninstagram.com&_nc_cat=100&_nc_ohc=qPqed3Rmsp0AX_PceKZ&tn=QHcrchM28D15nP26&edm=AP_V10EBAAAA&ccb=7-4&oh=00_AT-isZavm5kS4qBeXfG0rvtE1XUY7AXCMxereQHh-TEIvQ&oe=61C2FAAF&_nc_sid=4f375e,2541,https://www.instagram.com/p/Bf9YoRPB8SR/,Bridger is skiing soo good right now! Thanks for the shot @jakehopfinger #bbowlslidin #saberslice,5,225
pow.der.ranger,https://scontent-sjc3-1.cdninstagram.com/v/t51.2885-19/s150x150/51736021_414376862659412_2498266924283068416_n.jpg?_nc_ht=scontent-sjc3-1.cdninstagram.com&_nc_cat=108&_nc_ohc=L5DkNJYv4F4AX-569Ae&edm=AP_V10EBAAAA&ccb=7-4&oh=00_AT__0KU3sWuvrLrdBgrexTXeiIFdvxiG-Mf_NYZUeucMNA&oe=61C259C7&_nc_sid=4f375e,1540,https://www.instagram.com/p/Bf7Kn-zAeqH/,"Fast, deep, and loose today @bridgerbowl #pow #kings #saberslice #bbowlslidin #nsfamous #bridgerbowl @dec__man #skishack #thegratefulshred
@libertyskis 
#rideliberty",5,183
carverbutterfield,https://scontent-sjc3-1.cdninstagram.com/v/t51.2885-19/s150x150/35616850_504753073277975_3251401100472877056_n.jpg?_nc_ht=scontent-sjc3-1.cdninstagram.com&_nc_cat=111&_nc_ohc=tGEKJme2lfsAX_hiHMw&edm=AP_V10EBAAAA&ccb=7-4&oh=00_AT_X0ND8eUDc1JmsCkUFouixiDRTHoqtbfBYoBFkskjCVA&oe=61C37685&_nc_sid=4f375e,1386,https://www.instagram.com/p/BeeK_m7jmTu/,"I was absolutely terrified at the top of this thing yesterday so I put young thug on my headphones, got pumped up, and pointed er. Turned out to be pretty fun. 
#saberslice #kingsdouble",15,330
chase.samuels,https://scontent-ort2-1.cdninstagram.com/v/t51.2885-19/s150x150/175081072_1390791751279884_5887648962832577810_n.jpg?_nc_ht=scontent-ort2-1.cdninstagram.com&_nc_cat=100&_nc_ohc=7_P_Oru_TOUAX-J_xOP&edm=AP_V10EBAAAA&ccb=7-4&oh=00_AT8VmM3B3fls-NE_cv7lMDSsJ8JTJCIE3wB3Yk_UHJ1elg&oe=61C26F71&_nc_sid=4f375e,678,https://www.instagram.com/p/Bd8wdfcg_s5/,Who likes turns anyways #saberslice #deepshredding #bridgerbowl #straightline #casadelshred üé•: Grant Adams @newschoolers #nsfamous,8,214
shortlandmatt,https://scontent-sea1-1.cdninstagram.com/v/t51.2885-19/11325782_729964033774252_202177456_a.jpg?_nc_ht=scontent-sea1-1.cdninstagram.com&_nc_cat=104&_nc_ohc=eqq2LH0kexEAX-PHlle&edm=AP_V10EBAAAA&ccb=7-4&oh=00_AT-Jt7i0Hzq6G3vuZrLRkj6OQQGS1o1oRP7d7ivfwtdlVA&oe=61C3CBBC&_nc_sid=4f375e,886,https://www.instagram.com/p/BBXiPC_rIQ8/,"I don't usually #gofamous but when I do, better bet I'm gonna be #saberslice ing.  What an incredible day of #bbowlslidin.  One for the books for sure.",12,183
dickynotes,https://scontent-iad3-2.cdninstagram.com/v/t51.2885-19/s150x150/11909306_411830969021967_1118076812_a.jpg?_nc_ht=scontent-iad3-2.cdninstagram.com&_nc_cat=103&_nc_ohc=_6z4FtzuBzEAX_DCbAo&edm=AP_V10EBAAAA&ccb=7-4&oh=00_AT-IpR2xWQGI-OnL9bPO91brQhGDG7bhU4kSVSi046_4mQ&oe=61C1F235&_nc_sid=4f375e,119,https://www.instagram.com/p/_HW-V_D6bM/,Almost time for a new Star Wars movie do you remember when Georgi from reading rainbow had the lite saber lol and his battle with Darth where he got his eyes blown away by hot bazooka ???? My favorite time was after they gave him those cool sunglasses now he can see pipe again which is v important when you are dealing with pipes cuz you gotta know how to handle em #dickynotes #dickpic #starwars #darthvader #garthvader #garthbrooks #darthbrooks #theforceawakens #photonbeam #blindguysofinstagram #george #readingrainbow #lukeskywalker #saberslice #laserface #coolglasses,1,21
fircmasterfirc,https://scontent-den4-1.cdninstagram.com/v/t51.2885-19/s150x150/259185272_1085846028899214_8969362738913010789_n.jpg?_nc_ht=scontent-den4-1.cdninstagram.com&_nc_cat=106&_nc_ohc=V0L8awtX7asAX8Ht9b1&edm=AP_V10EBAAAA&ccb=7-4&oh=00_AT8wk5yEprbv_GSezrIFE2D2khEg6vZnfocCf-b3WhRKag&oe=61C25FA1&_nc_sid=4f375e,781,https://www.instagram.com/p/ut2lrvhLhJ/,Taking a quick break from being a psycho üêØ #petlove #saberslice #bengal #bengalsofinstagram,3,23
shortlandmatt,https://scontent-den4-1.cdninstagram.com/v/t51.2885-19/11325782_729964033774252_202177456_a.jpg?_nc_ht=scontent-den4-1.cdninstagram.com&_nc_cat=104&_nc_ohc=eqq2LH0kexEAX-q1bWv&edm=AP_V10EBAAAA&ccb=7-4&oh=00_AT-i9Ym1VjYdVbdNX9gN33DTQ7IvXQpTIUcOjJbDH0ciEA&oe=61C3CBBC&_nc_sid=4f375e,886,https://www.instagram.com/p/uXKJj3LISf/,#compensating #sabers'lice.  #bbowlslidin #lateseasonpowda,1,44
tommy.earl,https://scontent-sea1-1.cdninstagram.com/v/t51.2885-19/s150x150/64930704_1101082266750835_7620596353449590784_n.jpg?_nc_ht=scontent-sea1-1.cdninstagram.com&_nc_cat=107&_nc_ohc=QMK8gW5NdR8AX-mpcfe&edm=AP_V10EBAAAA&ccb=7-4&oh=00_AT-s60HiuKyT_OVhzXU1X2Ngt8HBcIUWLaHqIQIaStA9LQ&oe=61C338E8&_nc_sid=4f375e,1699,https://www.instagram.com/p/thBu3ehGvR/,Scariest thing I'v ever done on a snowboard tucking under an overhang into a long narrow shoot. Check out my little edit under my bio. #saberslice #mtsnowboarding #gettingstokedforsnow,4,21
fircmasterfirc,https://scontent-sjc3-1.cdninstagram.com/v/t51.2885-19/s150x150/259185272_1085846028899214_8969362738913010789_n.jpg?_nc_ht=scontent-sjc3-1.cdninstagram.com&_nc_cat=106&_nc_ohc=V0L8awtX7asAX-l-pq-&edm=AP_V10EBAAAA&ccb=7-4&oh=00_AT_2x6FJOpX1jCi1EoPe5h4XYcT7KxerFN33Iw8v9ITqIA&oe=61C25FA1&_nc_sid=4f375e,781,https://www.instagram.com/p/r7tQjQhLgu/,Goat kisses üêØ‚ù§Ô∏èüêê #petlove #bengalsofinstagram #bengal #saberslice #goatsofinstagram #bahh,0,14
growingwitheflowing,https://scontent-sjc3-1.cdninstagram.com/v/t51.2885-19/s150x150/74607474_809987932764344_1805421831092436992_n.jpg?_nc_ht=scontent-sjc3-1.cdninstagram.com&_nc_cat=108&_nc_ohc=-MTjcnol4fgAX8CcDZS&edm=AP_V10EBAAAA&ccb=7-4&oh=00_AT9xQi7kd9SqloxeIZD1nC6OMPTZeBcmHniSjRNpDdSU3g&oe=61C28D04&_nc_sid=4f375e,798,https://www.instagram.com/p/lgLYG8Nkzg/,"It's hard to see but, there's a person up there on the right. Took a gnarly radass badass line into saber slice today #kudos #sendit #saberslice #bbowlslidin",1,21
domcastine,https://scontent-iad3-2.cdninstagram.com/v/t51.2885-19/s150x150/12237406_481903421995351_1483173135_a.jpg?_nc_ht=scontent-iad3-2.cdninstagram.com&_nc_cat=107&_nc_ohc=3R2qR2c48kQAX-htu7b&edm=AP_V10EBAAAA&ccb=7-4&oh=00_AT8KKYESffb_4LbggyqmSogmh2sNvuHlvYS2D_2rGIedbA&oe=61C23A66&_nc_sid=4f375e,938,https://www.instagram.com/p/jnSxjACuPX/,Dropping... #not #saberslice #icelantic,0,37
benjamingoertzen,https://scontent-atl3-2.cdninstagram.com/v/t51.2885-19/s150x150/122595044_355261432199052_8900676396179910104_n.jpg?_nc_ht=scontent-atl3-2.cdninstagram.com&_nc_cat=100&_nc_ohc=feC3_bMAH54AX-j3dCY&edm=AP_V10EBAAAA&ccb=7-4&oh=00_AT-rikhPxzbhFA8_x--cwt3tyjX9CUenpplrmb0csVQV7Q&oe=61C3398B&_nc_sid=4f375e,7324,https://www.instagram.com/p/XNco1PPIJp/,Sunny day at #bidgerbowl #saberslice #loneranger #sender,5,68
